seed,keep_CoT,keep_J,keep_J_track,keep_dist,keep_fell,keep_mean_vx,keep_rms_pitch,keep_rms_roll,keep_t_fall,prefix_gap,reason,switch_CoT,switch_J,switch_J_track,switch_dist,switch_fast_CoT,switch_fast_J,switch_fast_J_track,switch_fast_dist,switch_fast_fell,switch_fast_mean_vx,switch_fast_rms_pitch,switch_fast_rms_roll,switch_fast_t_fall,switch_fell,switch_mean_vx,switch_rms_pitch,switch_rms_roll,switch_t_fall,valid,y10
0,1.6675344497001205,7.230282117113639,8.064049341963699,4.604322357355166,False,0.46043223573551517,1.7594945523447043,10.262415059745843,nan,0.0,,2.0505227250666525,6.805042720471212,7.830304083004538,4.736746731053243,2.5956963425506956,4.4089969152913895,5.706845086566737,6.298365878418796,False,0.6298365878418783,2.2906089989168947,10.770803849424897,nan,False,0.47367467310532335,2.2867036784720756,10.311933929699359,nan,1,5.120135497794836
1,1.8804230453500865,6.166399208739821,7.1066107314148645,4.269742536963877,False,0.42697425369638914,3.0746110434145435,10.436451042590445,nan,0.0,,2.769735454106257,-50.0,4.770128231600631,3.1002629331322353,2.834308113145263,4.767014350405272,6.184168406977904,5.772494510665219,False,0.5772494510665219,4.973707191851405,10.8329824064189,nan,True,0.3291149610543774,12.489957073014715,11.696303660651289,19.41,1,5.140617001320933
2,1.7501191343886653,6.896948864300664,7.772008431494997,4.478941625239373,False,0.447894162523937,2.4461888991827645,10.19684527239748,nan,0.0,,2.1027262391895847,6.657488584969778,7.70885170456457,4.720402823587006,2.7021564376256566,4.689761021821667,6.0408392406344955,6.039418177103353,False,0.6039418177103355,4.452120913382542,10.796358866465381,nan,False,0.4720402823586993,2.4481828012257414,10.279793343988151,nan,1,5.146322101003657
3,1.7539305594944008,6.823642633987493,7.700607913734694,4.48772877769743,False,0.4487728777697422,2.8773396599977556,10.289368094331257,nan,0.0,,2.1205762204008454,6.487406898052807,7.54769500825323,4.676787984540236,2.62001849431414,4.6364327375379,5.94644198469497,6.22461630461724,False,0.6224616304617211,3.000873656927505,10.789320687808658,nan,False,0.46767879845402266,3.2385961745220375,10.451210088065048,nan,1,5.1217124323453715
4,2.931839889899298,-50.0,3.2147883736683696,1.9694243608261424,True,0.2837787263438231,14.322590761044477,10.923870686237086,16.93,0.0,,2.0979564569042135,6.714473883916313,7.76345211236842,4.77469139729646,2.5571194437466427,4.5042073005158265,5.782767022389148,6.353132234795219,False,0.6353132234795238,2.1314948537185026,10.671725928394062,nan,False,0.47746913972964616,1.6605571651175515,10.395989671208806,nan,1,5.143629519783715
5,3.060550323824874,-50.0,2.8561393548643736,1.698991477677664,True,0.2578135777963054,15.267780071898066,10.581823728906366,16.580000000000002,0.0,,2.044785985982507,6.926719709850572,7.949112702841826,4.783385244392302,2.787811299075941,4.795832353018167,6.189738002556137,5.845267998047942,False,0.584526799804796,4.497246214209197,10.634944059862564,nan,False,0.4783385244392305,2.104124591715352,10.0913583489727,nan,1,5.119747651656039
6,1.7648080927735574,6.760602104693581,7.64300615108036,4.455277414693311,False,0.4455277414693285,3.0939230400153295,10.154325618696996,nan,0.0,,2.055669222823869,6.909468341654459,7.937302953066394,4.771350048758066,2.4276630888308484,4.223352883607696,5.43718442802312,6.616752482220514,False,0.6616752482220507,1.5641551459902272,10.58771729913196,nan,False,0.47713500487580607,2.499720355443589,10.256435335580038,nan,1,5.146827754864536
7,1.6883938537162406,7.254390473236211,8.098587400094331,4.580935681710595,False,0.45809356817106067,1.819336799671706,10.277049365331372,nan,0.0,,2.0701463429915576,6.9328499609812555,7.9679231324770345,4.837813975797027,3.7643804573346555,-50.0,4.467189216916313,3.5795182011781685,True,0.4291988250813125,14.102028873311468,11.283323654605555,18.330000000000002,False,0.4837813975797014,1.3119165601713578,10.378762596190624,nan,1,5.116177474604694
8,3.312029529378765,-50.0,2.64160169751862,1.5826172698321122,True,0.2504141249734336,16.354840156411242,12.117999052429345,16.31,0.0,,2.0017743535547554,6.92619750688838,7.927084683665758,4.844597398658495,2.6892359419145,4.3266905176821755,5.671308488639426,6.144659027346185,False,0.6144659027346157,2.876039106756358,11.299322827427607,nan,False,0.48445973986584934,1.5771623468810594,10.45009018220462,nan,1,5.063542584976949
9,1.688052083739625,7.204781644410094,8.048807686279906,4.581286876404881,False,0.45812868764048836,1.8026993923783612,10.268439748251774,nan,0.0,,1.9637563296755756,7.238752952601478,8.220631117439266,4.8916438238493685,2.467053748000723,4.306952050117561,5.540478924117922,6.532987436781247,False,0.6532987436781259,1.9287246948197982,10.593473023732699,nan,False,0.489164382384937,1.1588903071469427,10.280470734035141,nan,1,5.1159784574685325
10,1.8272821416357392,6.546823100770444,7.460464171588314,4.400376429662457,False,0.440037642966248,2.5608968613460648,10.362159813446382,nan,0.0,,2.0384315786312324,6.941296689574911,7.960512478890528,4.814406023646909,2.7288773290460044,4.683634147688766,6.0480728122117675,5.935543649740651,False,0.5935543649740652,4.488715280770911,10.891341514629945,nan,False,0.48144060236469144,1.6302892694158644,10.32618534534749,nan,1,5.1291354681707855
11,2.7950669669971258,-50.0,3.047554203869329,1.904188037429856,True,0.2916061313062555,15.077824874450323,11.046641823556932,16.52,0.0,,2.0370851936922234,6.979659707065698,7.99820230391181,4.813373425597568,2.587248537170913,4.589389824683171,5.883014093268628,6.272384782539126,False,0.6272384782539145,2.7742185259335828,10.67298343578973,nan,False,0.4813373425597571,1.922528596312812,10.231197915564247,nan,1,5.127478232637404
12,1.7715303876086568,6.833526979729214,7.7192921735335425,4.446044108557236,False,0.4446044108557233,2.7486685260869774,10.408493891839434,nan,0.0,,2.0656939659069566,6.717434947828018,7.750281930781496,4.782320645084458,2.625775968512608,4.67756150834904,5.990449492605344,6.211712643436248,False,0.6211712643436236,3.054280969316032,10.685736411224266,nan,False,0.47823206450844596,2.0614031729846483,10.42843856257979,nan,1,5.061662052719442
13,1.8421694995708768,6.443670943357866,7.364755693143304,4.362664314655006,False,0.4362664314655001,2.698736158665207,10.470321160739491,nan,0.0,,2.0081298796422846,6.993941200121069,7.998006139942211,4.829995178181421,2.5776903709129044,4.358405436578999,5.647250622035451,6.328228256058096,False,0.6328228256058094,1.8577856402571602,10.854690565521391,nan,False,0.4829995178181423,1.4232013943490698,10.367098860648055,nan,1,5.112781158438898
14,1.748070433193739,7.048615651815042,7.922650868411911,4.524226015086322,False,0.4524226015086335,1.6763556133146207,10.311874980251224,nan,0.0,,2.0536294774806465,7.053528726768335,8.080343465508658,4.808449610165123,2.6933334440692556,4.508597427572048,5.8552641496066755,6.027596332808896,False,0.6027596332808893,4.121696047556878,10.614698015628795,nan,False,0.48084496101651,1.2132474469489563,10.401227929203229,nan,1,5.1145598931215295
15,1.7767296880992383,6.779864033613276,7.668228877662894,4.469233052647496,False,0.44692330526474877,2.8282826016787195,10.270791795192848,nan,0.0,,2.1160264780847653,6.333766693764618,7.391779932807,4.61398188338665,2.555050403713161,4.309472288383699,5.58699749024028,6.419431282359291,False,0.6419431282359285,1.5841958839189036,10.748518521434887,nan,False,0.46139818833866253,3.001903320266821,10.406589053655274,nan,1,5.115085544379318
16,1.6988866318248226,7.138177425128685,7.987620741041097,4.589146775815178,False,0.45891467758151705,1.4872782502774822,10.009300530282506,nan,0.0,,1.9944983324946601,7.1266091314730415,8.123858297720371,4.852006404114042,2.5071288701608134,4.56104787761444,5.814612312694847,6.437212353028706,False,0.6437212353028706,2.1125529727477836,10.44589948191774,nan,False,0.4852006404114043,0.8868604615053544,10.055845186154157,nan,1,5.114533238828897
17,1.7141513029357216,7.135902127216602,7.992977778684463,4.524521985413483,False,0.4524521985413511,1.5699339108823909,10.28223383965132,nan,0.0,,2.0313468179284246,7.014457824492211,8.030131233456423,4.8091366284299175,2.638952228916314,4.617251546043363,5.93672766050152,6.180100938047366,False,0.6180100938047369,2.6145605260762186,10.735060259158283,nan,False,0.4809136628429925,1.5734786829226473,10.305690023485312,nan,1,5.149105413208628
18,1.674277822097451,7.262479379014296,8.099618290063022,4.583043062120546,False,0.45830430621205576,1.2518467127552988,10.225795094992996,nan,0.0,,2.0660862253212557,6.959104623037902,7.99214773569853,4.790016266588533,4.151696042805079,-50.0,3.655547285050685,2.6763281758005535,True,0.38508319076267067,15.574534424224897,11.16028623609557,16.94,False,0.47900162665885243,2.4242780378024182,10.220521272913528,nan,1,5.130727385867781
19,1.7302478311990093,7.0013574116476365,7.866481327247141,4.51989561424496,False,0.45198956142449603,2.6044148563415392,10.24106509237822,nan,0.0,,2.0314301303219326,7.001569459383779,8.017284524544745,4.769543142148817,2.5935404568482405,4.4036936830408315,5.700463911464952,6.332949958470084,False,0.6332949958470092,1.955532183631597,10.828778417804122,nan,False,0.4769543142148801,2.0309682928559947,10.291493752570315,nan,1,5.118364970956033
20,1.6834391978414547,7.251636353666779,8.093355952587507,4.598325395484196,False,0.4598325395484179,0.6904209674688964,10.332339689152505,nan,0.0,,2.1083841847238003,6.65874545713094,7.71293754949284,4.779435552454716,2.6126568202737777,4.57919296773634,5.8855213778732285,6.235485078733811,False,0.623548507873383,2.7282249635275453,10.773698859629627,nan,False,0.47794355524547116,1.7356631596191707,10.414627409119877,nan,1,5.12834773728456
21,1.6974433933345974,7.151361402380718,8.000083099048016,4.6059361736078674,False,0.4605936173607829,0.9140777728708551,10.316864971931581,nan,0.0,,2.1133597769847086,6.636298088152166,7.69297797664452,4.752597379732045,2.651665832586884,4.341955617011906,5.667788533305348,6.303612182877387,False,0.6303612182877368,2.0714933075507687,10.808328176969338,nan,False,0.4752597379732051,1.3922600288316869,10.348786962548317,nan,1,5.045814321934101
22,1.703894212954437,7.0702642116979035,7.922211318175122,4.5297193762114105,False,0.45297193762114046,2.2450566639395686,10.058955033317828,nan,0.0,,2.4261581748323167,-50.0,6.280273256581144,3.788178241189355,2.7434209277289066,5.071168721158282,6.4428791850227345,5.890477710884651,False,0.5890477710884651,4.71070980505156,10.21034742851952,nan,True,0.39959686088495483,11.13834355792573,12.262621498953521,19.47,1,5.134088182088352
23,1.76562698248555,6.770969815260958,7.653783306503733,4.462457247344752,False,0.44624572473447316,2.654092577825956,10.190897292129208,nan,0.0,,1.9738128480340835,6.966768038351724,7.953674462368765,4.86556168783602,2.5544529445593644,4.620898411545442,5.8981248838251235,6.335641506109298,False,0.6335641506109311,1.5222861180728977,10.659706185873498,nan,False,0.48655616878360075,1.1750679195727614,10.19604106226892,nan,1,5.13045002364614
24,1.699532088476022,7.190531232973861,8.040297277211872,4.566759832516817,False,0.4566759832516808,1.1680849204379309,10.253848763693728,nan,0.0,,2.057545842045379,6.585570564327028,7.614343485349718,4.697121321526343,2.654084973668124,4.699253524824597,6.026296011658658,6.193551415545465,False,0.6193551415545479,3.5820655572536007,10.410211154439486,nan,False,0.4697121321526331,2.9382149632636336,10.331025518019649,nan,1,5.127515285610818
25,1.6516626034791333,7.344144640518029,8.169975942257595,4.601751235847515,False,0.4601751235847508,1.4500640196502625,10.242212079123162,nan,0.0,,1.9727688040152824,6.977221884329608,7.963606286337249,4.8475318517388475,2.496136544627409,3.9564695072907674,5.204537779604472,6.489940845508152,False,0.6489940845508164,1.670739907469411,10.798802273722728,nan,False,0.48475318517388544,1.8477258037499,10.388003131448112,nan,1,5.115764648032378
26,1.7777077525981955,6.773958354387495,7.662812230686592,4.451972976716469,False,0.44519729767164756,2.71541049689992,10.20843773581867,nan,0.0,,2.0422340913228973,6.698427175682653,7.719544221344102,4.78734128584178,2.6250314889837716,4.685087312400043,5.997603056891929,6.279918576046171,False,0.6279918576046166,2.520393469305893,10.646458845543023,nan,False,0.47873412858417824,1.5376426955923004,10.404156325305584,nan,1,5.153741808921802
27,1.9140775082385553,6.007464522476037,6.964503276595315,4.208127031036091,False,0.42081270310360797,4.482995809402571,10.141345540567295,nan,0.0,,2.0237987767243513,6.825536268228406,7.837435656590582,4.773690780694445,2.5343173093838267,4.4110506122777275,5.678209266969641,6.375636195558418,False,0.6375636195558432,2.5599906955015377,10.601322171899765,nan,False,0.47736907806944484,2.1045557227817335,10.347288450982056,nan,1,5.1204604008887395
28,1.6822723800959662,7.323904166435183,8.165040356483166,4.628864261448821,False,0.4628864261448823,0.824309280866549,10.275613892343324,nan,0.0,,2.0048875298888964,7.128007441697564,8.130451206642013,4.853537700694273,2.6515334274638946,4.473110278490314,5.798876992222261,6.16928526870725,False,0.6169285268707241,2.2957668712950756,10.958122529836295,nan,False,0.4853537700694269,1.0047615034516804,10.28785334687544,nan,1,5.146602629602237
29,1.6908759356179701,7.133907428822692,7.979345396631677,4.5793585809394335,False,0.4579358580939436,0.926516979792581,10.222016200213531,nan,0.0,,2.0801537024480883,6.769649579649831,7.809726430873875,4.77025451415751,3.135811313972014,4.9205834575159475,6.488489114501954,5.282148885824683,False,0.5282148885824692,5.352024273250245,10.851466110186875,nan,False,0.477025451415753,1.6292064549590022,10.247712585786823,nan,1,5.129332235312763
30,2.0158224580583983,5.708470642672222,6.716381871701421,4.157000376262755,False,0.4157000376262767,4.478441452585094,10.119160131095901,nan,0.0,,2.066997676756762,6.787717348967019,7.821216187345399,4.798914689234997,2.4874787163973306,4.3588175773994395,5.602556935598105,6.457696564532967,False,0.6457696564532969,1.5020001012760789,10.660694805740244,nan,False,0.4798914689235001,1.1942936745266506,10.378509899182493,nan,1,5.150839776588432
31,2.791937236960147,-50.0,2.9183777016858,1.8921252095685395,True,0.29750396376863836,14.617369798367736,11.448689844051279,16.35,0.0,,2.0295199748721213,7.064242453148917,8.079002440584977,4.861650234071657,2.833348844964689,4.8005931960377675,6.217267618520112,5.774939239556478,False,0.5774939239556484,3.6034208928229994,11.011030094749291,nan,False,0.48616502340716367,1.235002019725198,10.28597752992675,nan,1,5.1311835516651705
32,1.687301396982417,7.138472737490278,7.982123435981486,4.559173958417564,False,0.4559173958417568,1.2196384965466034,10.278612798890288,nan,0.0,,2.073544135237968,6.757163577384719,7.793935645003703,4.74855055462696,2.726803655409293,4.941215304402312,6.304617132106959,6.0424246832260495,False,0.6042424683226052,3.6925043517011193,10.680456374858304,nan,False,0.4748550554626965,2.1114812411363983,10.222922278185871,nan,1,5.134538183099468
33,1.6816271923497346,7.243589697278895,8.084403293453763,4.575115388975862,False,0.45751153889758667,1.6152846356378705,10.228048255669282,nan,0.0,,2.0810502652735856,6.818420312607842,7.858945445244635,4.816655639584896,2.5511904122799054,4.3986093825867325,5.674204588726686,6.370954170535322,False,0.6370954170535325,1.673011368051485,10.799697667164128,nan,False,0.4816655639584876,1.15357065599542,10.3378205109541,nan,1,5.136528138685327
34,1.8896923826846954,6.132403180762139,7.077249372104486,4.263451254277424,False,0.42634512542774256,4.300416384361819,10.125012847458878,nan,0.0,,2.1122400777561205,6.38973482561026,7.445854864488321,4.632245546677948,2.4725610860690344,4.371254304142019,5.607534847176536,6.501219887746293,False,0.6501219887746295,1.9561901437019662,10.604971394675946,nan,False,0.46322455466779666,2.8901274670675305,10.403755612053784,nan,1,5.107628027478135
35,1.623338363131998,7.372808731529417,8.184477913095416,4.619513805696779,False,0.4619513805696779,0.7813224942872897,10.278615518422283,nan,0.0,,1.9796829790245563,7.165913898129366,8.155755387641644,4.8606160753555985,2.4504875534667816,4.433762811928984,5.659006588662375,6.473055254318877,False,0.6473055254318889,1.466601328046037,10.68870212099488,nan,False,0.4860616075355586,1.2148326792676745,10.306804126039111,nan,1,5.105738890958148
36,1.725394279631248,7.02513483491903,7.887831974734654,4.554007052022545,False,0.45540070520225445,1.2962767192301474,10.383099478406127,nan,0.0,,2.123929186092501,6.495694893853212,7.557659486899463,4.643584763188089,2.6302930810531633,4.187070524610148,5.502217065136729,6.296188709927046,False,0.629618870992705,2.5582566712521824,10.851642637307666,nan,False,0.4643584763188082,2.809401402825582,10.396709591570467,nan,1,5.071119588297652
37,1.9118882428870378,5.821733193922433,6.777677315365952,4.157529763745858,False,0.41575297637458514,4.997002125944731,10.51456363058963,nan,0.0,,2.06192218974443,6.77500927648509,7.805970371357305,4.784238885429092,3.230275169887505,4.00588277904691,5.621020363990663,5.094435457826405,False,0.5094435457826405,8.272009082019363,10.416768460550974,nan,False,0.47842388854291074,1.7842627811629945,10.392832944944239,nan,1,5.103270836508238
38,1.9211916374674192,5.67389014129989,6.6344859600336,4.214547019927547,False,0.42145470199275537,4.404428756772675,10.502344289807192,nan,0.0,,2.013887977009863,6.935755747960968,7.9426997364659,4.857670947036768,2.585908811226798,4.796310799384474,6.089265204997873,6.2548111501856205,False,0.6254811150185631,3.6195439320523315,10.463709045407734,nan,False,0.4857670947036769,1.309332497819759,10.253621811728564,nan,1,5.1568751371436905
39,1.7146023729743236,7.095468038945111,7.952769225432272,4.574190471331382,False,0.4574190471331371,1.472708533426977,10.314946351534717,nan,0.0,,2.0237066391736716,6.987533397354098,7.999386716940934,4.851232758243179,2.5164265555551864,4.5415122041778835,5.799725481955477,6.323247171798376,False,0.6323247171798373,2.4107236793723184,10.804817117900898,nan,False,0.48512327582431797,1.7402944234895918,10.344121421436208,nan,1,5.124529154030615
40,1.7666202240136282,6.893325912918944,7.776636024925758,4.50661278866143,False,0.4506612788661432,2.0987174355726137,10.296306600139442,nan,0.0,,2.0365375483744357,6.886185484400951,7.904454258588169,4.777750471607451,2.6665171757685746,4.755261868950878,6.088520456835166,6.112954461164406,False,0.6112954461164407,3.1325834922482367,10.76203049414401,nan,False,0.4777750471607451,2.4790899705761924,10.326408659472603,nan,1,5.118163067031793
41,1.9344420572949348,5.994500415453198,6.961721444100665,4.254995882822515,False,0.42549958828225154,4.48567723513877,10.079916118630146,nan,0.0,,2.037480423743037,6.889101129346667,7.907841341218186,4.744122316220238,3.179334659941218,-50.0,3.906764204392449,3.741807846664008,True,0.5070200334233071,13.73861106579361,11.912775809470334,17.37,False,0.4744122316220238,2.749813441582522,10.284649040892207,nan,1,5.124150702826348
42,3.469348302720901,-50.0,2.204288854550217,1.2750895252476742,True,0.23310594611474855,16.915483197527625,11.805415422026892,15.46,0.0,,2.0825380003288068,6.730940399320567,7.772209399484971,4.746692286051644,2.563077015709433,4.477506903473537,5.759045411328254,6.287048106639922,False,0.6287048106639898,1.8271594804995572,10.782189957818996,nan,False,0.4746692286051668,1.7044960632445603,10.276836766835585,nan,1,5.11719620933722
43,1.6753541095621054,7.204932226646361,8.042609281427413,4.580200482157633,False,0.4580200482157637,2.1653908766467564,10.22521732473675,nan,0.0,,2.011731790272301,7.153735243993395,8.159601139129546,4.850590843583475,2.6495828836183972,4.407949125778493,5.732740567587691,6.248760522780112,False,0.624876052278011,2.1751748522251617,10.766626606425167,nan,False,0.48505908435834744,1.3527915169856224,10.325997023626615,nan,1,5.113370817896558
44,1.787930527469411,6.792184588918631,7.686149852653337,4.441603831791502,False,0.4441603831791515,2.4448797044856616,10.391000638197257,nan,0.0,,2.051670450026025,6.65789749374238,7.683732718755392,4.761260161486176,2.696856249737392,4.416983809572747,5.765411934441443,6.11427951867889,False,0.6114279518678887,2.340389047443069,11.009013204946697,nan,False,0.47612601614861794,2.173129655888143,10.411330685117719,nan,1,5.119931532628767
45,1.8300568387736216,6.4686330888605275,7.3836615082473385,4.277473237016914,False,0.4277473237016919,1.6606255726385324,10.486546545886057,nan,0.0,,1.970636750576193,7.23096851458134,8.216286889869437,4.877747200903399,2.5092335453275307,4.5683483021269735,5.822965074790739,6.436479444522754,False,0.6436479444522768,1.2397580322082122,10.655390936034197,nan,False,0.4877747200903409,1.2314255712358253,10.255171695862305,nan,1,5.127810878736851
46,2.946331220576104,-50.0,3.0533018170230104,1.9214526889858758,True,0.27968743653360595,15.358866800709933,11.162467767693972,16.86,0.0,,2.062170666091777,6.852620208901354,7.883705541947243,4.817588874498668,2.64836261930959,4.825907449311988,6.150088758966783,6.173800507629572,False,0.6173800507629544,3.000571149506899,10.819659801006882,nan,False,0.4817588874498678,1.2979428381421245,10.434219177323227,nan,1,5.118390688373508
47,1.7209265135371703,6.962215069267668,7.822678326036253,4.500882012940991,False,0.45008820129409854,1.5369092992081106,10.385845513281842,nan,0.0,,1.9971969054000787,6.969882958833628,7.968481411533667,4.809430183109509,2.5283821425615014,4.568417309802684,5.832608381083435,6.4102857049061335,False,0.6410285704906119,1.7593755983485169,10.643630658039003,nan,False,0.48094301831095154,1.7734168209248409,10.271903168108492,nan,1,5.133817498574234
48,2.924656318566066,-50.0,3.0299995323057884,1.9074074719919683,True,0.27444711827222623,15.305715679692954,11.277168000050454,16.94,0.0,,2.4882343705134695,-50.0,4.761860835168316,3.0736881995820236,2.551349859453134,4.183233743726974,5.458908673453541,6.497915468879369,False,0.6497915468879364,1.6906152608716893,10.673563483453538,nan,True,0.37529770446666866,12.387383554628249,11.669012527385267,18.18,1,5.126116197685882
49,1.718649278217329,7.090640836361775,7.94996547547044,4.549094923927968,False,0.45490949239279643,2.2327576651979126,10.26021196625641,nan,0.0,,2.030114065188539,6.84941821906401,7.864475251658279,4.777677303512008,2.824240145891332,4.466323128205052,5.878443201150718,5.894777005769211,False,0.5894777005769217,3.9580366876429136,11.13873879520163,nan,False,0.47776773035120007,2.3565051632420047,10.346495604986478,nan,1,5.120715695755007
50,1.6935431595762105,7.0405483562073545,7.8873199359954596,4.570129811785737,False,0.4570129811785726,2.0723930612950534,10.42951682975197,nan,0.0,,2.092577311821732,6.654177183423028,7.700465839333893,4.737088404112537,2.6092947931834405,4.471814759874123,5.776462156465843,6.28146076667867,False,0.6281460766678673,1.8393716837823642,10.828235008749187,nan,False,0.4737088404112534,2.5745038364570707,10.462125311517449,nan,1,4.94586191292126
51,2.1211203276943804,5.143345124923227,6.203905288770418,3.9400083908349934,False,0.39400083908349925,4.5700077341924805,10.468044746027177,nan,0.0,,2.0739157543007507,6.649924695710186,7.686882572860561,4.683866447781938,2.5922576398161663,4.564825971033985,5.860954790942068,6.235732708481883,False,0.6235732708481906,2.349880719737777,10.896021733412146,nan,False,0.4683866447781941,2.671317066266017,10.268918101995421,nan,1,5.1307835440441805
52,1.749799304260825,6.951192856990487,7.8260925091209,4.480365927608976,False,0.4480365927608985,2.482411351592809,10.198175360138459,nan,0.0,,2.077148731154611,6.353022887250258,7.391597252827564,4.632597651520743,2.690651200553879,4.509511146784897,5.854836747061836,6.192996245747675,False,0.619299624574767,2.2104499102411403,10.807202442313931,nan,False,0.46325976515207656,2.760610223464336,10.411710031445006,nan,1,5.125914835638675
53,3.034535292892242,-50.0,3.401866992880331,2.103634562576655,True,0.2656104245677593,14.720724965091286,11.228016078853937,17.91,0.0,,1.9914635254760025,7.050759562825351,8.046491325563352,4.864790732692961,2.646904849244065,4.493490096685474,5.8169425213075066,6.2261623885362,False,0.6226162388536199,2.867381117225488,10.752024855253179,nan,False,0.48647907326929746,1.5186470530494705,10.388343469221319,nan,1,5.116713702401133
54,1.7760966277822872,6.774203192478393,7.662251506369537,4.480783813662005,False,0.4480783813662008,1.5784455507779065,10.42902786163357,nan,0.0,,2.45903963664827,-50.0,5.189356749579129,3.257931386788413,2.4613262971671572,4.211909171309131,5.442572319892709,6.584767400831404,False,0.6584767400831394,1.2257201427949445,10.60028138644376,nan,True,0.37404493533736394,12.720196343273313,12.502250670861107,18.7,1,5.052116203093366
55,1.7407715769086616,7.058337295282013,7.928723083736344,4.519416135890761,False,0.4519416135890752,2.177597578245124,10.214361853621941,nan,0.0,,1.9975386320286126,7.182318296052965,8.181087612067271,4.8548481452086545,2.6382963918138667,4.701576976058508,6.0207251719654415,6.092802005155832,False,0.6092802005155827,3.220187737426937,10.726738299666282,nan,False,0.4854848145208672,1.2903228538816494,10.226146474090154,nan,1,5.167033379850937
56,1.761153182873089,6.866577614245962,7.747154205682507,4.476129467110956,False,0.44761294671109775,2.195799467608621,10.317810483530558,nan,0.0,,2.017847911634757,6.933374707793547,7.942298663610925,4.817352229284465,2.932590275138418,4.467755488082471,5.93405062565168,5.630869918643079,False,0.5630869918643078,5.922728216624681,10.87470466603373,nan,False,0.48173522292844584,1.9599701251807018,10.331833436028466,nan,1,5.117909223838024
57,1.7181732738699795,6.977054694049916,7.836141330984906,4.529087286457333,False,0.45290872864573484,2.0984238796870422,10.286141872440789,nan,0.0,,2.08765147397893,6.598549911451233,7.642375648440698,4.66393482899467,2.5168623892412145,4.661627050979985,5.920058245600592,6.39641007989629,False,0.6396410079896306,1.7650380391328484,10.626611662169394,nan,False,0.4663934828994681,2.558628834557922,10.311324302478607,nan,1,5.138361525931045
58,1.7004979396751556,7.112077438502291,7.962326408339869,4.559799055092496,False,0.4559799055092492,1.4199135677617345,10.234288769992624,nan,0.0,,2.0750789129785225,6.710814385712317,7.7483538422015785,4.729004214317277,2.509503682065782,4.524444068513636,5.779195909546527,6.375922235305964,False,0.6375922235305975,1.93817432465162,10.683915192521953,nan,False,0.47290042143172584,1.330439410042608,10.353964100289371,nan,1,5.1177588544574855
59,1.690814985848077,7.216367244877376,8.061774737801414,4.563804396068153,False,0.4563804396068126,1.881497221572637,10.19222834343439,nan,0.0,,2.0547818854545707,6.8892815878346445,7.91667253056193,4.804339283038838,2.6817162941446444,4.663622024162141,6.004480171234463,6.138909346054747,False,0.6138909346054748,3.1456751423654326,10.781182046058557,nan,False,0.48043392830388254,1.5031982861126403,10.299987901337534,nan,1,5.1198836903029346
60,1.690227231893702,7.194417354643833,8.039530970590684,4.563017713143634,False,0.45630177131436334,0.9751376089161938,10.336220095515234,nan,0.0,,2.1110762109045043,6.40793947354881,7.463477579001062,4.619526776689564,2.5791830569409333,4.69874479309108,5.988336321561547,6.3227837570776435,False,0.632278375707765,3.1546916134185863,10.458429350845687,nan,False,0.46195267766895803,3.4871196418307817,10.307396439843203,nan,1,5.154120978732489
61,3.1955370414796613,-50.0,2.3637650236514998,1.4280170387695028,True,0.25776480844214855,16.10201120391368,11.371497249501243,15.530000000000001,0.0,,2.053093103969958,6.827477356284569,7.854023908269548,4.739961478241339,3.212569451551331,4.3552109248804065,5.9614956506560715,5.083730843531862,False,0.5083730843531893,7.1496479092448375,10.371226470204189,nan,False,0.47399614782413196,2.6063437610580067,10.262699393342158,nan,1,5.113493318921037
62,1.731570538249013,7.015303011319948,7.881088280444454,4.536692416172065,False,0.4536692416172055,1.4962637697727426,10.396782652361777,nan,0.0,,2.0206477426062945,6.939711422297609,7.950035293600757,4.8124837104087925,2.50508003294661,4.469952536551001,5.722492553024306,6.430841465581373,False,0.6430841465581368,1.5499451774722175,10.732933141113666,nan,False,0.4812483710408789,1.4562403268703705,10.39600995047553,nan,1,5.047016209626935
63,1.753235004099736,6.903989148310729,7.780606650360597,4.469643034110395,False,0.44696430341103893,2.672660074353043,10.293194794739467,nan,0.0,,2.073063265303715,6.715230817154762,7.751762449806619,4.7608032255200206,2.807045038521947,4.883151961624123,6.286674480885097,5.8113395982147,False,0.5811339598214715,4.151963938040236,10.918223855960424,nan,False,0.4760803225520014,1.966781562145434,10.398734846205295,nan,1,5.096523527763565
64,1.709356141364314,7.063365875301393,7.91804394598355,4.537369710458811,False,0.4537369710458793,1.407249753759861,10.295172661493973,nan,0.0,,2.0386474971532627,6.984342644165043,8.003666392741675,4.860293803383221,2.5811889643699555,4.603258595804419,5.893853077989397,6.334472063634103,False,0.6334472063634102,2.1261107637249337,10.655481361303284,nan,False,0.4860293803383242,1.4105669829772445,10.345215485156668,nan,1,5.127231956171948
65,2.7128275773472157,-50.0,2.4255292920563973,1.5792464465309806,True,0.2985342999113379,15.456906101829706,11.417404106047467,15.280000000000001,0.0,,2.0442445452741613,6.876186806211846,7.898309078848927,4.811685858870576,2.823576006446877,4.5464744832283195,5.9582624864517575,5.876748297709232,False,0.5876748297709228,4.888668754109702,10.78775288515705,nan,False,0.48116858588705785,2.3096344300685216,10.30024302708515,nan,1,5.116180886335659
66,1.7792625475813935,6.795485643263474,7.68511691705417,4.451231532060488,False,0.44512315320604984,2.721532566469984,10.332030221642135,nan,0.0,,2.0439356120541547,6.9420644303095616,7.964032236336639,4.7779915774931645,2.5823593377070737,4.110767917866952,5.401947586720489,6.402437684808252,False,0.6402437684808249,1.773566843060026,10.834102799481869,nan,False,0.4777991577493158,1.5606602110537229,10.384800149307749,nan,1,5.121128336333556
67,1.678629002858219,7.229987928510841,8.06930242993995,4.589418953091064,False,0.4589418953091068,0.7799687603842115,10.079538963381594,nan,0.0,,2.0226472598477634,6.965052920780726,7.976376550704608,4.795481599128385,2.6330992995009783,4.421100330534448,5.737649980284937,6.170638862221892,False,0.6170638862221869,2.363290681345377,10.856279346085898,nan,False,0.47954815991284006,2.0217295980185384,10.058550689281011,nan,1,5.140817796379869
68,1.7436543929405917,7.046944131953491,7.918771328423786,4.481295182647271,False,0.44812951826472774,2.4190858669894846,10.175870339973072,nan,0.0,,2.102357662579143,6.487163915431142,7.538342746720714,4.641964424228064,2.547049321669937,4.504959627248619,5.778484288083587,6.3581258063329695,False,0.6358125806332978,2.597540435993526,10.589700628779555,nan,False,0.464196442422808,2.529311982500126,10.34125096877658,nan,1,5.14815161470879
69,1.6937007260084869,7.202100879549926,8.04895124255417,4.573012982592282,False,0.45730129825922905,1.0836857391051422,10.352158051007525,nan,0.0,,2.0218927587318105,7.054989181145619,8.065935560511525,4.867917540181596,2.4681868698928637,4.511489852324367,5.745583287270799,6.479818637099093,False,0.6479818637099098,1.3019106122245976,10.640811322820579,nan,False,0.48679175401815905,1.0094873260183685,10.396302711036109,nan,1,5.100525336221529
70,1.7166719142324094,7.016291309783953,7.874627266900157,4.492973179944205,False,0.44929731799442296,2.1045210389087288,10.289068526152477,nan,0.0,,2.0461239447865376,6.860463683499457,7.8835256558927265,4.8238888473054145,2.7026194790336673,4.551466651249843,5.902776390766676,6.151591133258312,False,0.6151591133258323,2.2149930908961797,10.95680629425043,nan,False,0.4823888847305419,1.5239980187293067,10.32251721301425,nan,1,5.121240573076607
71,1.7694000780377044,6.903969111107152,7.788669150126005,4.51191693880474,False,0.4511916938804732,2.428711170377239,10.015297772672959,nan,0.0,,2.9708358479768733,-50.0,2.2111913014310454,1.3193260885305351,2.7537886978627193,4.587370821430056,5.964265170361416,5.943943937496803,False,0.5943943937496812,3.938403795853529,11.017290632901625,nan,True,0.3126365138697957,16.48605638182273,13.446232048333,14.21,1,5.1280936757350455
72,1.6950904063776997,7.061407907698332,7.908953110887182,4.589852975928844,False,0.45898529759288514,1.3018785815994758,10.433252233092004,nan,0.0,,2.016915074136306,6.982664141465467,7.991121678533619,4.8313804211092,2.63635760874683,4.697669605753401,6.015848410126816,6.126289807455112,False,0.6126289807455104,3.122732735149332,10.973036453089096,nan,False,0.4831380421109202,1.3564698549763747,10.450972374029396,nan,1,5.071799261202579
73,1.913349648858481,6.183324113272601,7.139998937701842,4.26199097795141,False,0.4261990977951407,3.519276812937153,10.249944039080708,nan,0.0,,2.0456995602965824,6.880744528045538,7.903594308193829,4.816930310505759,2.5209254078992758,4.460957000708413,5.721419704658051,6.464443375030356,False,0.6464443375030366,1.8568530538844075,10.647636199720147,nan,False,0.48169303105057665,1.2378268018399863,10.311264920277864,nan,1,5.085977182840012
74,1.9248243004665102,6.041001147419035,7.00341329765229,4.184477050955352,False,0.41844770509553575,3.4104378149156873,10.538877019143909,nan,0.0,,2.0018849798593905,7.0744180585842855,8.07536054851398,4.839082335425453,3.802317522727893,-50.0,4.2531701417630146,3.3700643453098165,True,0.43484701229804174,14.539777898348708,11.8774480348344,17.740000000000002,False,0.48390823354254325,1.599196704859862,10.353218101797163,nan,1,5.081944302385155
75,1.7555537870375344,6.771258825106224,7.649035718624991,4.497579755254578,False,0.44975797552545577,2.291033038045648,10.519510347207465,nan,0.0,,2.0426217114501797,6.736221617460183,7.757532473185273,4.804310359212365,3.577162236759238,-50.0,5.275096047767609,4.496990538065622,True,0.4579420099863164,12.778984630266645,11.437181103067905,19.81,False,0.4804310359212359,1.4661590035315493,10.441039115559345,nan,1,5.106422893880462
76,1.696091085880766,7.218021849872143,8.066067392812526,4.558052709980901,False,0.45580527099809093,2.0442497674480204,10.28153688872157,nan,0.0,,2.067487212109927,6.9283944696147906,7.962138075669754,4.765330515658398,4.571833287500032,-50.0,3.808389262609741,2.4220048399898353,True,0.35828473964346613,16.11647614157498,11.624432805931155,16.75,False,0.47653305156584086,2.387300017269078,10.31823740169195,nan,1,5.0482792993625525
77,1.6813045998875236,7.333688442497121,8.174340742440883,4.594495306682177,False,0.4594495306682208,1.8047370428327596,10.265706471919723,nan,0.0,,2.0741854531823756,6.747676982619222,7.784769709210409,4.686511379776329,2.5965440534975475,4.653504383256149,5.951776410004923,6.2707381469581005,False,0.6270738146958095,3.164013040257877,10.717511295806128,nan,False,0.4686511379776332,2.8059021975147784,10.311683596169818,nan,1,5.115351686913679
78,3.2716974646566226,-50.0,2.869574710693779,1.6845597670705663,True,0.24238270029792308,15.713854064323707,10.36340526670231,16.94,0.0,,1.9929339639407129,7.173823891448637,8.170290873418994,4.828067668340666,3.7965850767862994,-50.0,5.059367827816108,4.155018886530436,True,0.4346254065408412,14.075692254887935,10.864657958840512,19.55,False,0.48280676683406526,1.84824391779359,10.306338862216718,nan,1,5.056654380184483
79,1.6831355503163863,7.127130810409755,7.968698585567948,4.592130309042639,False,0.4592130309042656,1.805328280771213,10.316882033638391,nan,0.0,,2.473627869703794,-50.0,4.98951164104096,3.025788424608881,2.6408060279975945,4.369967993983285,5.690371007982082,6.2077831013320575,False,0.6207783101332066,2.561533811871342,10.881376656774227,nan,True,0.3754079931276511,12.479282731208833,11.861399378114925,18.05,1,5.120529285738375
80,1.6991801009268614,7.141070658156429,7.99066070861986,4.5463744869625256,False,0.4546374486962508,2.3003580342533527,10.220748396478651,nan,0.0,,2.1094917207310875,6.598692914202145,7.653438774567689,4.705378443227497,2.562830490085992,4.475007541256584,5.75642278629958,6.3683294638247006,False,0.6368329463824713,1.9214519823683702,10.857960408492891,nan,False,0.47053784432275175,2.583088470448002,10.34662169119522,nan,1,5.1256662463663485
81,1.6869165500806793,7.253845099298032,8.097303374338372,4.55971401495466,False,0.45597140149546417,2.0140500508345496,10.196094643858855,nan,0.0,,2.038698873903462,6.835794832956004,7.8551442699077345,4.725874461466286,2.6897516232692853,4.618799014330568,5.96367482596521,6.144697488915212,False,0.6144697488915202,3.060816062849769,10.882799496580786,nan,False,0.4725874461466286,2.7954621076967174,10.295267269065436,nan,1,5.08001930912558
82,2.651133456060854,-50.0,4.855247577223433,2.931260499045151,True,0.31518930097259734,12.728500063428948,10.591245846372324,19.29,0.0,,2.092815523641933,6.730380669070554,7.7767884308915205,4.719738681089463,2.5412724151628425,4.435693988209199,5.70633019579062,6.3745848090422195,False,0.6374584809042214,1.701639449517947,10.72620961661228,nan,False,0.4719738681089465,1.7356599099302612,10.354307235515858,nan,1,5.139526737972247
83,1.7089527895487882,7.082069976285119,7.936546371059513,4.560678718304661,False,0.4560678718304657,1.642637577099461,10.279915730120104,nan,0.0,,2.6730719132333474,-50.0,4.10350587675606,2.6025953398909145,2.5601657483381626,4.4758405524757,5.755923426644781,6.4262270718642505,False,0.6426227071864258,2.6594939851127957,10.543052680075343,nan,True,0.34380387581121724,13.336545031978948,11.804688541793892,17.56,1,5.1576872598550825
84,1.6735466473871952,7.251282943019159,8.088056266712757,4.58776890691406,False,0.4587768906914054,1.1475496468681765,10.24220017174975,nan,0.0,,2.8230487433602534,-50.0,3.7622331789385544,2.395068494100185,2.7485855023618266,4.737917906555527,6.112210657736441,5.920017703860101,False,0.5920017703860103,4.4814008155991125,10.56923605611359,nan,True,0.3258596590612494,13.573646280894756,12.485911730410008,17.34,1,5.1310121281146905
85,2.9005430662986087,-50.0,3.7902653445116177,2.368694522532752,True,0.2806510097787624,13.988893502771383,10.437035491674962,18.43,0.0,,2.112773871104697,6.722092119937173,7.778479055489521,4.74454752630378,2.903968416077595,4.406870431704627,5.8588546397434245,5.561504034865498,False,0.5561504034865493,6.2918931921745065,11.072105005971054,nan,False,0.47445475263037973,2.1596208383270343,10.389675119250935,nan,1,5.118836850715236
86,1.8143380728004734,6.6160423936852055,7.523211430085442,4.428333325960951,False,0.44283333259609553,2.8123371686796204,10.294730433993042,nan,0.0,,2.1181680942088805,6.736112977683582,7.795197024788022,4.773092785816209,3.414251579218277,3.4522838270678955,5.159409616677034,4.808713578512842,False,0.48087135785128515,12.023857895952567,11.032419824984219,nan,False,0.4773092785816228,1.370641815904985,10.382078216755914,nan,1,5.13741941494217
87,1.8112675583967799,6.6573410135910445,7.562974792789435,4.413925284143654,False,0.4413925284143653,3.2847597260095256,10.150408776876233,nan,0.0,,2.012283940240364,7.124627797562119,8.1307697676823,4.854171501716826,2.6359879780327136,4.323185049726508,5.641179038742864,6.300787560314574,False,0.6300787560314565,2.516945499126772,10.811802683347915,nan,False,0.4854171501716827,1.296198834117152,10.276992793910306,nan,1,5.13820695883117
88,2.7877180030293793,-50.0,3.0670773370958564,1.8562047518605445,True,0.2851312982888706,15.298080762414827,10.472742734264163,16.5,0.0,,2.0589789014163293,7.041825511610129,8.071314962318294,4.7378477669828865,2.684101484157583,4.915605608551961,6.257656350630753,6.107102703084205,False,0.6107102703084207,3.5045703525510072,10.46095087978645,nan,False,0.473784776698288,2.3194272405607737,9.960373698136792,nan,1,5.147205810839222
89,1.7248506411488662,6.918234868614481,7.7806601891889136,4.5259040732390385,False,0.45259040732390343,1.6861440769368736,10.348990759527007,nan,0.0,,2.0997172459017386,6.622512050327457,7.672370673278326,4.693193419910491,3.133310390449901,3.7962236159209626,5.362878811145913,5.064274207711074,False,0.5064274207711063,10.80847185495611,11.173396353752949,nan,False,0.4693193419910486,2.5758734297421273,10.265356515585816,nan,1,5.075781872887506
90,2.8614375319755654,-50.0,2.6196648097088335,1.6652059469723008,True,0.2871044736159146,15.59395109194435,11.33479208155826,15.790000000000001,0.0,,3.102696109618614,-50.0,2.2326240329368625,1.4045071171896941,2.4925064703202495,4.535057961635356,5.781311196795481,6.417167023598011,False,0.6417167023598022,1.8255566059213089,10.653344714759893,nan,True,0.2866341055489167,16.48962707458969,13.040738095294548,14.89,1,5.157462609880394
91,2.9215704926008708,-50.0,2.768513870268577,1.6932791963279055,True,0.2735507586959437,15.408063086721484,11.086710943432667,16.18,0.0,,2.1435684318942436,5.974921559819692,7.046705775766814,4.490966696061722,2.5616801479287905,4.544172534989685,5.82501260895408,6.401659334852049,False,0.6401659334852052,1.502203013663662,10.674908400708372,nan,False,0.44909666960617234,3.717260006730234,10.446387663627187,nan,1,5.137843930129086
92,2.997536662393524,-50.0,3.133592512715499,1.8648079744655632,True,0.27026202528486487,15.21906806831395,10.928821165233087,16.89,0.0,,2.023101192397781,6.967404423393839,7.978955019592729,4.833201016126973,2.769352068801133,4.511719669097946,5.896395703498513,6.005217066107403,False,0.6005217066107396,3.5745712403071983,10.99960531916532,nan,False,0.4833201016126965,1.8362608129856792,10.296310162674168,nan,1,5.120004793774647
93,1.6824924270167416,7.261318194720176,8.102564408228547,4.589083177915758,False,0.4589083177915761,1.5555335699130437,10.23851407607842,nan,0.0,,2.021194083545616,6.96495915848881,7.975556200261618,4.827128503843556,2.515128663181138,4.272639976687688,5.530204308278257,6.489202830256608,False,0.6489202830256589,2.067076357246256,10.707425472562784,nan,False,0.48271285038435385,1.6258552080826545,10.31342773977739,nan,1,5.136442551016987
94,1.6369163114369394,7.4166268963684905,8.23508505208696,4.6171302720250225,False,0.4617130272025014,1.2023672618803665,10.240391399107299,nan,0.0,,2.0020861684035567,7.039908274302287,8.040951358504065,4.879562700103682,2.524354034631577,4.292297622290172,5.55447463960596,6.4958922603441,False,0.6495892260344104,1.845112806956721,10.643353957838793,nan,False,0.48795627001037,1.4740067947369873,10.3183598939554,nan,1,5.11519645237969
95,1.7441611952155798,6.938440213136305,7.810520810744094,4.4989795778446195,False,0.4498979577844618,2.468138564059791,10.302330870798896,nan,0.0,,2.2616256242599646,5.086055566266665,6.216868378396647,4.169243367607247,2.5077352343747026,4.498403737297503,5.752271354484854,6.34767778617275,False,0.6347677786172772,2.0618681475488394,10.836160828555391,nan,False,0.41692433676072516,6.893132481186145,11.021860738559049,nan,1,5.118571267093705
96,1.7098222836552064,7.080498609415945,7.935409751243548,4.539338377186337,False,0.45393383771863344,2.044192561141465,10.266148278563609,nan,0.0,,2.0719873419487422,6.872328341898147,7.908322012872517,4.7467885815603035,6.540629122572725,-50.0,1.817057074975337,0.9696823250541851,True,0.23708614304503428,20.61064387050169,10.8467629187165,14.08,False,0.47467885815603167,2.2483078161063808,10.322624023136623,nan,1,5.120133193089842
97,1.8689268947667372,6.394667682751971,7.329131130135339,4.325532367773148,False,0.43255323677731483,2.2759762431484707,10.529371406480537,nan,0.0,,1.9949455677250445,7.164423425040266,8.161896208902789,4.8415171304566424,2.673424489025444,4.42660073793002,5.763312982442742,6.238144388783267,False,0.6238144388783243,3.029531242807933,10.863169757186151,nan,False,0.48415171304566446,1.986101123242493,10.22016582916617,nan,1,5.09386504845519
98,1.88537340888767,6.216112755397801,7.158799459841636,4.305272501859312,False,0.4305272501859313,4.155157629520026,10.199165538704982,nan,0.0,,2.048133658604053,6.996780335640778,8.020847164942804,4.788088722311262,2.4797151258759085,4.246930329328913,5.486787892266868,6.550743613765112,False,0.6550743613765102,1.7559067337890089,10.741750510830782,nan,False,0.4788088722311281,1.6432538488403718,10.403188141479372,nan,1,5.043131710722035
99,3.1408940901255966,-50.0,2.9659596819802916,1.7917708324487887,True,0.26081089264174445,15.461785922777318,10.947391186421372,16.86,0.0,,2.0596662113798323,6.844168968710125,7.874002074400042,4.769873581976773,2.9511625709819507,4.654634883573806,6.130216169064781,5.447110303308078,False,0.5447110303308068,6.507710795759537,10.563146066750207,nan,False,0.47698735819767707,2.473526548938649,10.289660335999333,nan,1,5.118884319310915
