method,seed,event,fell,n_win,dur,J,J_pitch,J_roll,J_vy,mean_vx,const,V_old
aif,0,1,1,11,0.11,13.048777822161798,2.038387330012112,12.29915405624596,11.863993912077518,-0.2514331750838585,-1.2887635640962742,-2.0
aif,0,2,1,1000,10.0,-0.9447477267766459,0.058143018478678754,0.2858728188409496,2.7628903860550253,0.20672916653488613,-1.2887635640962742,-2.0
aif,0,3,1,1000,10.0,-0.8693204378738149,0.06583749968797688,0.35360562653448246,1.4026018203401627,-0.48542998625173134,-1.2887635640962742,-2.0
aif,0,4,1,1,0.01,19.97697277274811,2.8609663710309667,18.40476996581342,22.53031719834661,-0.16515591219953205,-1.2887635640962742,-2.0
aif,0,5,1,0,,,,,,,,-2.0
aif,0,6,1,23,0.23,9.327638613506318,2.020953072585748,8.595449105016845,12.292465387900565,-0.4742419730012054,-1.2887635640962742,-2.0
aif,0,7,1,0,,,,,,,,-2.0
aif,0,8,1,43,0.43,5.61103497821852,1.410078277083631,5.4897202652311625,9.05070576060209,-0.28034610441627494,-1.2887635640962742,-2.0
aif,0,9,1,0,,,,,,,,-2.0
aif,0,10,1,0,,,,,,,,-2.0
aif,0,11,1,34,0.34,8.101258906024205,1.8349027393728483,7.555119730747631,10.028618911256114,-0.3943212699996479,-1.2887635640962742,-2.0
aif,0,12,1,0,,,,,,,,-2.0
aif,0,13,1,70,0.7000000000000001,2.968225365219925,0.5241283622863637,3.7328605670298347,9.386917724354678,0.5023383011529939,-1.2887635640962742,-2.0
aif,0,14,1,15,0.15,11.703726099907447,1.9179576019754683,11.074532062028254,11.565363767170613,-0.6963153206598948,-1.2887635640962742,-2.0
aif,0,15,1,831,8.31,-0.7625531486698696,0.08311167838681954,0.4430987370395852,1.8392993837929794,0.25999034068188775,-1.2887635640962742,-2.0
aif,0,16,1,1000,10.0,-0.8747018297124334,0.015263488020713992,0.39879824636312683,0.9689626989306036,0.4293282388135557,-1.2887635640962742,-2.0
aif,0,17,1,1000,10.0,-0.8419769145910712,0.06749331733446258,0.3792933321707405,2.473059314607609,0.09856638083130316,-1.2887635640962742,-2.0
aif,0,18,1,73,0.73,3.684043437110587,2.5104719323446334,2.4623350688622274,2.7057424774972776,0.48993119106581046,-1.2887635640962742,-2.0
aif,0,19,1,75,0.75,3.7570984604578426,0.9248977361199252,4.120964288434191,5.0985157167117965,0.0326829907945105,-1.2887635640962742,-2.0
aif,1,1,1,34,0.34,7.7907314218209125,1.3206398828027983,7.758855103114388,11.101472550339842,-0.271329163989439,-1.2887635640962742,-2.0
aif,1,2,1,20,0.2,9.232473242633628,1.2972352319241798,9.224001574805722,13.201838311858157,0.0038686256269183745,-1.2887635640962742,-2.0
aif,1,3,1,27,0.27,7.785147119139704,1.4799830270065344,7.593927656229443,10.121335379237557,-0.18061169281567363,-1.2887635640962742,-2.0
aif,1,4,1,64,0.64,3.035618058984534,0.7650019233819036,3.5593796996989044,7.584767281187085,0.553505062404746,-1.2887635640962742,-2.0
aif,1,5,1,0,,,,,,,,-2.0
aif,1,6,1,1000,10.0,-0.8703017591097023,0.009804243401348132,0.4086575615852238,1.8512964216826922,-0.41678292871649253,-1.2887635640962742,-2.0
aif,1,7,1,360,3.6,-0.32619017756467805,0.18864239865570945,0.7739309878758868,2.1182110171161836,0.3793884817709239,-1.2887635640962742,-2.0
aif,1,8,1,0,,,,,,,,-2.0
aif,1,9,1,929,9.290000000000001,-0.8681695303833592,0.07352221846282164,0.34707181525009345,2.4940548248089547,0.19688624843783709,-1.2887635640962742,-2.0
aif,1,10,1,1000,10.0,-0.8854601713446881,0.05360029022597591,0.3497031025256102,3.376834551452176,-0.008206538964810776,-1.2887635640962742,-2.0
aif,1,11,1,1000,10.0,-0.8874684690833032,0.053314732161540264,0.34798036285143075,2.1713958006963905,-0.41878344584898325,-1.2887635640962742,-2.0
aif,1,12,1,1000,10.0,-0.9121988838198803,0.027822212362014313,0.3487424679143796,1.9101808368852489,0.3187373201753897,-1.2887635640962742,-2.0
aif,1,13,1,0,,,,,,,,-2.0
aif,1,14,1,0,,,,,,,,-2.0
aif,1,15,1,1,0.01,21.68410490105242,6.537313856219325,16.435554608929372,17.368055268445328,-0.7870067422785948,-1.2887635640962742,-2.0
aif,1,16,1,0,,,,,,,,-2.0
aif,1,17,1,0,,,,,,,,-2.0
aif,1,18,1,5,0.05,17.549553961359805,5.5383213630027015,13.299996162453379,13.027275027464132,-0.3322244231957229,-1.2887635640962742,-2.0
aif,1,19,1,10,0.1,14.609245265707859,4.750845265032473,11.147163564771661,15.110959456342036,-0.36820892292712626,-1.2887635640962742,-2.0
aif,1,20,1,1000,10.0,-0.8744891284424269,0.04135631317897072,0.37291812247487666,2.7944929629466553,0.07125415156064664,-1.2887635640962742,-2.0
aif,1,21,1,0,,,,,,,,-2.0
aif,1,22,1,13,0.13,13.314078667710646,3.232359138004152,11.370483093802768,12.685617959894318,-0.6613475952668415,-1.2887635640962742,-2.0
aif,1,23,1,427,4.2700000000000005,-0.44304896978820907,0.09559444306518536,0.7501201512428798,1.8073863674383615,0.4121764844582962,-1.2887635640962742,-2.0
aif,1,24,1,0,,,,,,,,-2.0
aif,1,25,1,0,,,,,,,,-2.0
aif,2,1,1,2,0.02,17.826176483412343,1.449469038380413,17.665471009128204,13.545466302557575,-0.16453311715432944,-1.2887635640962742,-2.0
aif,2,2,1,47,0.47000000000000003,4.382504447717337,1.09226336342582,4.579004648387791,7.8279878615701834,0.1615560844721481,-1.2887635640962742,-2.0
aif,2,3,1,187,1.87,0.6097354231829211,0.15091875808894184,1.7475802291902534,2.6722172144806438,0.216828325123271,-1.2887635640962742,-2.0
aif,2,4,1,76,0.76,2.744833158207033,0.4632299030235603,3.5703668192797466,7.674526092869428,0.6618672256873152,-1.2887635640962742,-2.0
aif,2,5,1,239,2.39,0.2155779017888717,0.1359954506788779,1.368346015206268,2.0380912210640685,0.18744859462118973,-1.2887635640962742,-2.0
aif,2,6,1,138,1.3800000000000001,1.1202154668982265,0.1676418775617815,2.241337153432719,3.724024158813428,0.13046434202022023,-1.2887635640962742,-2.0
aif,2,7,1,22,0.22,8.562200915100249,0.258598125572356,9.592366353624168,8.390711989846492,-0.26051939962812454,-1.2887635640962742,-2.0
aif,2,8,1,280,2.8000000000000003,0.16790182601146397,0.13389523872157388,1.3227701513861643,1.7754512263998359,0.21441049667279635,-1.2887635640962742,-2.0
aif,2,9,1,21,0.21,10.750218026874242,2.2702184231959848,9.768763167774532,15.134678619776677,-0.29158111230815137,-1.2887635640962742,-2.0
aif,2,10,1,0,,,,,,,,-2.0
aif,2,11,1,52,0.52,4.183518200216426,0.4201101049748219,5.052171659337878,5.7693965555809985,-0.07768184616382715,-1.2887635640962742,-2.0
aif,2,12,1,491,4.91,-0.5470034918664236,0.10683403650368825,0.6349260357261624,2.4290377591731933,0.17650577028515996,-1.2887635640962742,-2.0
aif,2,13,1,41,0.41000000000000003,5.2911859346916525,1.083284220464314,5.496665278323612,7.573820285783697,0.38487289476407804,-1.2887635640962742,-2.0
aif,2,14,1,1000,10.0,-0.9060955272153652,0.055405603383571055,0.3272624334973379,2.680448325727201,-0.05088504494563117,-1.2887635640962742,-2.0
aif,2,15,1,5,0.05,17.16012274174406,3.4708876533576642,14.977998652482672,19.147347544254796,-0.3198778396717042,-1.2887635640962742,-2.0
aif,2,16,1,0,,,,,,,,-2.0
aif,2,17,1,26,0.26,7.897784388561907,2.158899795361892,7.02764815729629,10.908663143255874,-0.07540795923184783,-1.2887635640962742,-2.0
aif,2,18,1,1000,10.0,-0.8557941861881008,0.011569570717148515,0.42139980719102493,2.3709022356494596,-0.20570619666817222,-1.2887635640962742,-2.0
aif,2,19,1,0,,,,,,,,-2.0
aif,2,20,1,17,0.17,12.903034554178635,2.702381509841496,11.489416608433414,15.41215512053092,-0.5712380233987291,-1.2887635640962742,-2.0
aif,2,21,1,24,0.24,8.729075951566614,1.9678209552984043,8.050018560364485,12.613919356079046,-0.21798190635868453,-1.2887635640962742,-2.0
aif,2,22,1,34,0.34,7.193654017892341,0.8986729273710801,7.583744654617535,11.598465892001414,-0.2822783980696986,-1.2887635640962742,-2.0
aif,2,23,1,16,0.16,12.386114660916917,1.4215847228087377,12.253293502204453,12.497359762204995,-0.9025754340037357,-1.2887635640962742,-2.0
aif,2,24,1,1000,10.0,-0.8925130611764017,0.04398910314542358,0.3522613997744489,0.7470333337307461,-0.47158614453000336,-1.2887635640962742,-2.0
aif,2,25,1,891,8.91,-0.8424203938706203,0.013411824974931659,0.4329313452507223,1.639280983390903,0.16076427915900782,-1.2887635640962742,-2.0
aif,2,26,1,38,0.38,6.985420452176203,0.9929745387146247,7.281209477557852,9.94848842409273,-0.3171421614977458,-1.2887635640962742,-2.0
aif,2,27,1,0,,,,,,,,-2.0
aif,2,28,1,16,0.16,11.421786228536128,2.120007618090119,10.590542174542284,12.439102304250165,-0.05912317684803318,-1.2887635640962742,-2.0
aif,3,1,1,182,1.82,0.5326691312725627,0.1974771166014024,1.6239555787674345,2.4226804316781463,0.35057692991463507,-1.2887635640962742,-2.0
aif,3,2,1,166,1.6600000000000001,1.2536671834773083,0.021388695392464928,2.5210420521811177,1.8666760536612628,0.5997859194183204,-1.2887635640962742,-2.0
aif,3,3,1,157,1.57,0.6467463429042686,0.0671101767949987,1.8683997302055442,2.8036068300261268,0.342861915813769,-1.2887635640962742,-2.0
aif,3,4,1,1000,10.0,-0.8850099543873938,0.03140156500312887,0.37235204470575156,1.1055932593666278,0.27062979883302923,-1.2887635640962742,-2.0
aif,3,5,1,74,0.74,3.4693246651521408,0.47046329367389267,4.287624935574522,6.971972837462898,0.0901032853928039,-1.2887635640962742,-2.0
aif,3,6,1,80,0.8,2.3525821837890755,0.25838979699283493,3.3829559508925144,5.173364986292484,0.6338984674766314,-1.2887635640962742,-2.0
aif,3,7,1,0,,,,,,,,-2.0
aif,3,8,1,360,3.6,-0.15623455871847614,0.13950241744850447,0.9930265879292937,2.1098660976487986,0.3486576690787464,-1.2887635640962742,-2.0
aif,3,9,1,14,0.14,11.980992844647425,1.9242735900323065,11.345482818711393,9.09000076137295,-0.5601467656441904,-1.2887635640962742,-2.0
aif,3,10,1,40,0.4,5.946988040639866,0.5491204497418215,6.686631154994318,8.183771879817069,-0.33166107507567943,-1.2887635640962742,-2.0
aif,3,11,1,156,1.56,1.1199350634174146,0.198005179694894,2.210693447818795,3.0480677560125007,0.16533972635308736,-1.2887635640962742,-2.0
aif,3,12,1,79,0.79,2.3552514273594696,0.18685203555659646,3.4571629558991477,6.4971845845362575,0.2739604229356941,-1.2887635640962742,-2.0
aif,3,13,1,244,2.44,0.22917585416997244,0.12011110550544463,1.397828312760802,1.6608723305808575,0.34646791955834044,-1.2887635640962742,-2.0
aif,3,14,1,615,6.15,-0.6620847213452228,0.05680736194331325,0.5698714808077382,1.1016873839249604,0.34646532833605437,-1.2887635640962742,-2.0
aif,3,15,1,1000,10.0,-0.8967083870433161,0.013538332471582168,0.3785168445813759,1.4860490620530686,0.196353882773563,-1.2887635640962742,-2.0
aif,3,16,1,422,4.22,-0.3780984857008488,0.10352742752949941,0.807137650865926,1.336449876053145,0.32442623012319266,-1.2887635640962742,-2.0
aif,3,17,1,472,4.72,-0.541205273860869,0.03205763090924963,0.7155006593261556,1.045190119970899,0.29602424767120067,-1.2887635640962742,-2.0
aif,3,18,1,414,4.14,-0.3651139901183079,0.15483084030358565,0.7688187336743807,1.2083294139959841,0.43370982803417224,-1.2887635640962742,-2.0
aif,3,19,1,94,0.9400000000000001,2.0595499400218626,0.4008602611119332,2.9474532430062035,5.053087312950219,0.06636711519084701,-1.2887635640962742,-2.0
aif,3,20,1,87,0.87,1.8289501173212803,0.4829582791438639,2.6347554022736905,3.217309497558801,0.7750847050427023,-1.2887635640962742,-2.0
aif,3,21,1,660,6.6000000000000005,-0.658650978852772,0.03302426858495696,0.5970883166585452,0.9246022306611986,0.42028075950742083,-1.2887635640962742,-2.0
aif,3,22,1,267,2.67,0.13164984050940842,0.16102830076287744,1.2593851038428052,1.7602623491446263,0.3417712392526193,-1.2887635640962742,-2.0
aif,3,23,1,1000,10.0,-0.8649791213816622,0.05785356698487932,0.36593087572973276,3.4513289177103808,-0.12085385729071696,-1.2887635640962742,-2.0
aif,3,24,1,68,0.68,3.4343943791271787,0.6925536700717784,4.030604273151674,5.585522754061137,0.1451496122988377,-1.2887635640962742,-2.0
aif,3,25,1,233,2.33,0.03420619475528808,0.11496747657818936,1.208002282273373,1.8891558534946082,0.35467339516076773,-1.2887635640962742,-2.0
aif,3,26,1,45,0.45,5.387639161530235,0.6304662010381809,6.045936524588328,8.463938308291874,-0.11003475814709351,-1.2887635640962742,-2.0
aif,3,27,1,432,4.32,-0.5100755707957769,0.028182975315053458,0.7505050179854439,0.9854239357392953,0.3086515259938368,-1.2887635640962742,-2.0
aif,3,28,1,42,0.42,4.73928139178305,0.2489703457513415,5.779074610127982,10.173395819809596,0.3750398598083075,-1.2887635640962742,-2.0
aif,3,29,1,0,,,,,,,,-2.0
aif,3,30,1,1000,10.0,-0.8519573610376593,0.06850794528418333,0.36829825777443165,2.75136558455059,-0.07654921697641791,-1.2887635640962742,-2.0
aif,4,1,1,1000,10.0,-0.9035815323212105,0.05330478021277872,0.331877251562285,2.9530089639557637,-0.1970884031045711,-1.2887635640962742,-2.0
aif,4,2,1,113,1.1300000000000001,1.4303482957514493,0.5736698040082687,2.145442055839455,3.9841153146355155,0.44473716592786006,-1.2887635640962742,-2.0
aif,4,3,1,61,0.61,3.5789659720003337,0.25690465738457696,4.610824878712031,6.708264994749967,0.1913757467789361,-1.2887635640962742,-2.0
aif,4,4,1,46,0.46,5.428577044528668,0.20430059090214064,6.513040017722801,8.499112053319402,0.049652410892408835,-1.2887635640962742,-2.0
aif,4,5,1,1000,10.0,-0.8911793323590212,0.023529401073543017,0.37405483066371,2.4827284730977537,-0.01727860016379897,-1.2887635640962742,-2.0
aif,4,6,1,65,0.65,3.226983863162486,0.2821992883121689,4.233548138946591,5.663600064777478,0.48469650279914395,-1.2887635640962742,-2.0
aif,4,7,1,1000,10.0,-0.7907546521734532,0.022407851403414964,0.47560106051940615,1.1959778370120442,-0.5303670888073541,-1.2887635640962742,-2.0
aif,4,8,1,101,1.01,2.238048411598757,0.3733935601462199,3.1534184155488116,5.140007408041073,0.3919712783264959,-1.2887635640962742,-2.0
aif,4,9,1,272,2.72,0.08921940699267905,0.20427789547724548,1.1737050756117078,1.7074562173675585,0.48815749727479996,-1.2887635640962742,-2.0
aif,4,10,1,394,3.94,-0.1703257882449063,0.02417215212121013,1.0942656237301578,1.5245868479283042,0.4136021518438211,-1.2887635640962742,-2.0
aif,4,11,1,884,8.84,-0.8198455091944954,0.051058748617472324,0.41785930628430656,1.4292733380944869,0.40134008291862894,-1.2887635640962742,-2.0
aif,4,12,1,59,0.59,4.504785545715401,0.6811116283973973,5.112437481414278,8.069920274872707,0.049863742864396814,-1.2887635640962742,-2.0
aif,4,13,1,781,7.8100000000000005,-0.7459136735496952,0.06439537688707547,0.47845451365950364,2.28017904850497,0.27969374239019473,-1.2887635640962742,-2.0
aif,4,14,1,454,4.54,-0.24978246830642736,0.02118666878188448,1.0177944270079624,1.8610031138469112,0.40627066289868496,-1.2887635640962742,-2.0
aif,4,15,1,303,3.0300000000000002,0.20047348034693058,0.22302514879534854,1.2662118956478563,1.9046107267445398,0.4051146451979074,-1.2887635640962742,-2.0
aif,4,16,1,1000,10.0,-0.8211850076488334,0.021627948250343174,0.4459506081970977,1.1951730581964644,-0.5761454651075012,-1.2887635640962742,-2.0
aif,4,17,1,0,,,,,,,,-2.0
aif,4,18,1,1000,10.0,-0.8702706343271457,0.06850069607148934,0.3499922336976392,2.7238826314481708,0.2285030319746281,-1.2887635640962742,-2.0
aif,4,19,1,615,6.15,-0.6138551064996255,0.07519362128054578,0.599714836316103,1.4985665932033443,0.5237947191761168,-1.2887635640962742,-2.0
aif,4,20,1,66,0.66,3.0525173725675403,0.49842198740503896,3.8428589492587752,6.0396624257013265,-0.1923279313629691,-1.2887635640962742,-2.0
aif,4,21,1,399,3.99,-0.31715593099058115,0.13202175744048011,0.839585875665213,2.38706868665348,0.4888234481453824,-1.2887635640962742,-2.0
aif,4,22,1,94,0.9400000000000001,2.0859488185861377,0.5708910316481535,2.8038213510342582,4.599488170927457,0.7798048095641618,-1.2887635640962742,-2.0
aif,4,23,1,192,1.92,0.876396865513408,0.08740399558423854,2.0777564340254435,2.336802577623492,0.3970657625305641,-1.2887635640962742,-2.0
aif,4,24,1,78,0.78,2.2685462045230995,0.5309905094255843,3.026319259193789,4.990625290190818,0.6378112518017002,-1.2887635640962742,-2.0
bo,0,1,1,2,0.02,20.208786857681172,4.528985044199864,16.968565377577583,,-0.4862344082471025,-1.2887635640962742,-2.0
bo,0,2,1,675,6.75,-0.6250711518766496,0.037814582346077395,0.6258778298735472,,0.27165985953618926,-1.2887635640962742,-2.0
bo,0,3,1,92,0.92,2.9568017142697123,0.2360587358400526,4.0095065425259335,,-0.08532023772071043,-1.2887635640962742,-2.0
bo,0,4,1,259,2.59,0.028444245253956835,0.10669749740017487,1.2105103119500562,,0.1538281673301558,-1.2887635640962742,-2.0
bo,0,5,1,0,,,,,,,,-2.0
bo,0,6,1,22,0.22,9.463126233378524,2.2677752540729452,8.484114543401853,,-0.2849358098961028,-1.2887635640962742,-2.0
bo,0,7,1,48,0.48,6.273541224782038,0.6017504655331521,6.96055432334516,,-0.46383211316233286,-1.2887635640962742,-2.0
bo,0,8,1,1000,10.0,-0.729329163402213,0.06665824730252709,0.49277615339153413,,-0.34732755171268515,-1.2887635640962742,-2.0
bo,0,9,1,21,0.21,9.782866659296227,2.348553686352762,8.72307653703974,,-0.3720278820648177,-1.2887635640962742,-2.0
bo,0,10,1,7,0.07,15.005668385589608,2.352844452721322,13.941587496964562,,-0.5726811926202874,-1.2887635640962742,-2.0
bo,0,11,1,874,8.74,-0.812642681089496,0.05534091770435613,0.4207799653024221,,0.2767551856678306,-1.2887635640962742,-2.0
bo,0,12,1,132,1.32,1.3161572275625353,0.28670607765523903,2.3182147140035707,,0.1645413562442976,-1.2887635640962742,-2.0
bo,0,13,1,22,0.22,10.365151309902114,2.6054536188110706,9.048461255187318,,-0.39851307669899044,-1.2887635640962742,-2.0
bo,0,14,1,154,1.54,0.9011035177435198,0.37611102817157305,1.8137560536682211,,0.14368190711677623,-1.2887635640962742,-2.0
bo,0,15,1,824,8.24,-0.5282673912577174,0.09035475703313921,0.6701414158054176,,-0.0861355014709882,-1.2887635640962742,-2.0
bo,0,16,1,0,,,,,,,,-2.0
bo,0,17,1,9,0.09,15.09890666820538,1.983008454508934,14.40466177779272,,-0.9025779194063137,-1.2887635640962742,-2.0
bo,0,18,1,12,0.12,11.59642222242987,0.2222019353291278,12.662983851197017,,-0.5079418678828621,-1.2887635640962742,-2.0
bo,0,19,1,52,0.52,5.60763823057941,0.5924058518941737,6.30399594278151,,0.13234467055593574,-1.2887635640962742,-2.0
bo,0,20,1,140,1.4000000000000001,1.1957382188976748,0.29215886828221654,2.1923429147117326,,0.025984127092296014,-1.2887635640962742,-2.0
bo,0,21,1,0,,,,,,,,-2.0
bo,0,22,1,12,0.12,12.093363134029882,1.4292470565435569,11.9528796415826,,-0.4411038072888234,-1.2887635640962742,-2.0
bo,0,23,1,113,1.1300000000000001,2.0496796909677775,0.2706269388973744,3.067816316166677,,0.10424031220340042,-1.2887635640962742,-2.0
bo,0,24,1,761,7.61,-0.6926742380018025,0.04630885670515372,0.549780469389318,,0.3590598914455945,-1.2887635640962742,-2.0
bo,0,25,1,0,,,,,,,,-2.0
bo,0,26,1,0,,,,,,,,-2.0
bo,0,27,1,1,0.01,20.237723932886272,2.4887210955584265,19.037766401424122,,-0.5987085400847884,-1.2887635640962742,-2.0
bo,0,28,1,37,0.37,6.203694505579067,0.6242881024715299,6.868169967203811,,0.24924462296814803,-1.2887635640962742,-2.0
bo,0,29,1,0,,,,,,,,-2.0
bo,0,30,1,1,0.01,20.254397528671458,5.610639327340631,15.9325217654271,,-0.6542857278909011,-1.2887635640962742,-2.0
bo,0,31,0,1000,10.0,-1.1037835544009305,0.005689122269527963,0.1792908874258157,,-0.44028242270360746,-1.2887635640962742,-0.9848839694845898
bo,1,1,1,700,7.0,-0.6767167525359566,0.047898831751760206,0.5641479798085574,,0.23163637771751264,-1.2887635640962742,-2.0
bo,1,2,1,1000,10.0,-0.9289719339298508,0.0637114819280567,0.2960801482383668,,0.2117584176830601,-1.2887635640962742,-2.0
bo,1,3,1,52,0.52,4.869085636395392,0.8654465593282256,5.29240264116344,,0.06466515375236502,-1.2887635640962742,-2.0
bo,1,4,1,1000,10.0,-0.8498130330500175,0.025687382357695868,0.4132631486885609,,0.20541529983335108,-1.2887635640962742,-2.0
bo,1,5,1,16,0.16,10.712966812653786,0.8072347401840619,11.194495636565998,,-0.57885698810846,-1.2887635640962742,-2.0
bo,1,6,1,309,3.09,-0.10846522195839059,0.05227162205957364,1.12802672007831,,0.3161065689122553,-1.2887635640962742,-2.0
bo,1,7,1,398,3.98,-0.2959840810259704,0.10634795204366436,0.8864315310266395,,0.5090492958125694,-1.2887635640962742,-2.0
bo,1,8,1,780,7.8,-0.6768830186499499,0.0767286550019568,0.5351518904443675,,0.2743961300817256,-1.2887635640962742,-2.0
bo,1,9,1,32,0.32,7.765810911631484,0.8440788800491696,8.210495595678589,,-0.21909523430880562,-1.2887635640962742,-2.0
bo,1,10,1,13,0.13,13.562647873855717,2.6842626739467477,12.167148764005244,,0.05441354770644491,-1.2887635640962742,-2.0
bo,1,11,1,65,0.65,3.298490835612397,0.21484762444463193,4.372406775264039,,0.2828356797435328,-1.2887635640962742,-2.0
bo,1,12,1,101,1.01,2.627388008959837,0.29409498289883035,3.622056590157281,,-0.11426008112555322,-1.2887635640962742,-2.0
bo,1,13,1,45,0.45,5.454620223915353,1.5889528173997398,5.154430970611887,,0.041984519786240154,-1.2887635640962742,-2.0
bo,1,14,1,722,7.22,-0.6659883833089154,0.02249535572724148,0.6002798250601173,,0.2669199892094188,-1.2887635640962742,-2.0
bo,1,15,1,1000,10.0,-0.8656682949749194,0.049857957948631376,0.37323731117272346,,0.2143181370213467,-1.2887635640962742,-2.0
bo,1,16,1,1000,10.0,-0.8994874628835328,0.013248030936654005,0.3760280702760875,,0.335044621107124,-1.2887635640962742,-2.0
bo,1,17,1,1000,10.0,-0.8104662232282436,0.03737807344184516,0.44091926742618553,,-0.3496713693442072,-1.2887635640962742,-2.0
bo,1,18,1,107,1.07,1.6063869756101583,0.059640009486899896,2.8355105302195325,,0.31118279596587917,-1.2887635640962742,-2.0
bo,1,19,1,108,1.08,1.6153001071944753,0.31590299943665684,2.5881606718540926,,0.3028148873018271,-1.2887635640962742,-2.0
bo,2,1,1,0,,,,,,,,-2.0
bo,2,2,1,171,1.71,0.6605852112497479,0.035824255135959736,1.9135245202100624,,0.07730538592538709,-1.2887635640962742,-2.0
bo,2,3,1,21,0.21,9.388597255128555,0.521005973335132,10.156354845889698,,-0.5669141949547752,-1.2887635640962742,-2.0
bo,2,4,1,8,0.08,15.548411966437332,3.7926837395574156,13.044491790976192,,-0.275421011696051,-1.2887635640962742,-2.0
bo,2,5,1,889,8.89,-0.7722413920908742,0.032947157130294946,0.48357501487510507,,0.13276365589672098,-1.2887635640962742,-2.0
bo,2,6,1,12,0.12,13.067116490547763,3.678633188463122,10.677246866180916,,-0.3122660964080188,-1.2887635640962742,-2.0
bo,2,7,1,0,,,,,,,,-2.0
bo,2,8,1,1000,10.0,-0.8694306863030619,0.034916667874355545,0.3844162099188568,,-0.5673833651710073,-1.2887635640962742,-2.0
bo,2,9,1,22,0.22,10.698078352410901,2.7963448751845417,9.190497041322635,,0.44077842991868244,-1.2887635640962742,-2.0
bo,2,10,1,55,0.55,4.7804068753414,0.6402465126794379,5.4289239267582365,,-0.359114080375418,-1.2887635640962742,-2.0
bo,2,11,1,853,8.53,-0.7620310617536901,0.03325194883019427,0.49348055351238995,,0.3114804467144604,-1.2887635640962742,-2.0
bo,2,12,1,52,0.52,4.378621808447586,0.2650753868534539,5.402309985690406,,-0.4310234683389099,-1.2887635640962742,-2.0
bo,2,13,1,0,,,,,,,,-2.0
bo,2,14,1,0,,,,,,,,-2.0
bo,2,15,1,0,,,,,,,,-2.0
bo,2,16,1,0,,,,,,,,-2.0
bo,2,17,1,26,0.26,7.915102656355443,0.20000735309865186,9.003858867353065,,-0.4968464523038799,-1.2887635640962742,-2.0
bo,2,18,1,1,0.01,18.10706419669639,1.4941694050968122,17.90165835569585,,-1.2834719345581482,-1.2887635640962742,-2.0
bo,2,19,1,10,0.1,14.872707260356606,3.3095381458831183,12.851932678569764,,-0.3669235312463109,-1.2887635640962742,-2.0
bo,2,20,1,57,0.5700000000000001,4.214560616497502,0.2865890488939344,5.216735131699841,,-0.3031224628395995,-1.2887635640962742,-2.0
bo,2,21,1,0,,,,,,,,-2.0
bo,2,22,1,2,0.02,19.760179917106637,5.630296006804549,15.418647474398362,,-0.42395600336370887,-1.2887635640962742,-2.0
bo,2,23,1,10,0.1,13.525053496482798,1.9228276117552618,12.890989448823811,,-0.677587153289542,-1.2887635640962742,-2.0
bo,2,24,1,0,,,,,,,,-2.0
bo,2,25,1,364,3.64,-0.19933799445561995,0.16290828081580078,0.9265172888248535,,0.285011981724049,-1.2887635640962742,-2.0
bo,2,26,1,50,0.5,4.298427805937157,0.2887612949584249,5.298430075075006,,0.4182712444825158,-1.2887635640962742,-2.0
bo,2,27,1,441,4.41,-0.2641287720653358,0.05714476172862833,0.9674900303023101,,0.23285005555238492,-1.2887635640962742,-2.0
bo,2,28,1,17,0.17,11.986930407064897,2.8256096755211892,10.450084295639982,,-0.7413409595426002,-1.2887635640962742,-2.0
bo,2,29,1,43,0.43,6.436597186211233,0.5983008868820029,7.1270598634255045,,-0.49298726095298345,-1.2887635640962742,-2.0
bo,2,30,1,198,1.98,0.4927028222140446,0.19432909219439962,1.5871372941159192,,0.13816255296782481,-1.2887635640962742,-2.0
bo,2,31,0,123,1.23,-1.0212400263192327,0.0015302310802378432,0.2659933066968036,,0.26144767486030995,-1.2887635640962742,-0.592119135818516
bo,3,1,1,477,4.7700000000000005,-0.4899219200241416,0.039612384080170364,0.7592292599919623,,0.3077315528333725,-1.2887635640962742,-2.0
bo,3,2,1,62,0.62,3.5608507051952722,0.415002026526755,4.434612242764791,,0.17813999786230242,-1.2887635640962742,-2.0
bo,3,3,1,436,4.36,-0.4763639034444196,0.03745570674893497,0.7749439539029197,,0.36422691236058297,-1.2887635640962742,-2.0
bo,3,4,1,966,9.66,-0.8018463484228772,0.02118490360512812,0.465732312068269,,0.34873065598739156,-1.2887635640962742,-2.0
bo,3,5,1,153,1.53,0.9277634439470936,0.2801324522113964,1.9363945558319715,,0.294101381010476,-1.2887635640962742,-2.0
bo,3,6,1,979,9.790000000000001,-0.8929432901513956,0.008684774778863183,0.3871354991660155,,0.46910134408967824,-1.2887635640962742,-2.0
bo,3,7,1,66,0.66,4.041495113456343,0.7308629021933587,4.599395775359259,,0.5497434719751402,-1.2887635640962742,-2.0
bo,3,8,1,137,1.37,1.2489524105805498,0.2895799809366594,2.248135993740165,,0.25762327953376246,-1.2887635640962742,-2.0
bo,3,9,1,275,2.75,0.07551218433032525,0.07288545563118862,1.2913902927954108,,0.4264130497872941,-1.2887635640962742,-2.0
bo,3,10,1,94,0.9400000000000001,2.5204898356957726,0.33138424383267606,3.477869155959371,,0.46280566787386157,-1.2887635640962742,-2.0
bo,3,11,1,918,9.18,-0.7583029576228772,0.041338663091591586,0.48912194338180537,,0.12231318076472542,-1.2887635640962742,-2.0
bo,3,12,1,227,2.27,0.20866793290936636,0.11514839056383627,1.3822831064418044,,0.2717426353187238,-1.2887635640962742,-2.0
bo,3,13,1,333,3.33,-0.20426184302152994,0.09288106111231863,0.9916206599624257,,0.395399600077133,-1.2887635640962742,-2.0
bo,3,14,1,1000,10.0,-0.8560447464787941,0.031227807623009907,0.40149100999447024,,0.20425776014889777,-1.2887635640962742,-2.0
bo,3,15,1,56,0.56,3.779219760209556,0.18853979425500286,4.879443530050827,,0.04518432684762292,-1.2887635640962742,-2.0
bo,3,16,1,61,0.61,3.1433090198788802,0.41085756816906127,4.021215015806093,,0.3268271976715551,-1.2887635640962742,-2.0
bo,3,17,1,94,0.9400000000000001,3.192348935022439,0.2765333191459291,4.204579179972784,,0.11892725320853785,-1.2887635640962742,-2.0
bo,3,18,1,341,3.41,-0.11927124706988512,0.11171710226417295,1.0577752147622161,,0.44576055357166317,-1.2887635640962742,-2.0
bo,3,19,1,166,1.6600000000000001,0.6955485426193941,0.03898917403713133,1.945322932678537,,0.2072695694727342,-1.2887635640962742,-2.0
bo,3,20,1,361,3.61,-0.2982027629940256,0.07842322650936927,0.9121375745928794,,0.2227578842157226,-1.2887635640962742,-2.0
bo,3,21,1,320,3.2,-0.11359974849331622,0.06677022377884209,1.108393591824116,,0.46415438250148056,-1.2887635640962742,-2.0
bo,3,22,1,1000,10.0,-0.7849938113279891,0.019348726558554748,0.48442102620973043,,-0.040168046393718924,-1.2887635640962742,-2.0
bo,3,23,1,154,1.54,1.0510098948498776,0.08533703583343472,2.254436423112717,,0.34486306793576654,-1.2887635640962742,-2.0
bo,3,24,1,69,0.6900000000000001,4.134885276798313,0.0661104134071219,5.357538427487465,,-0.13335321346273246,-1.2887635640962742,-2.0
bo,3,25,1,290,2.9,-0.14112565502347296,0.1544892277767425,0.9931486812960588,,0.37717238345410925,-1.2887635640962742,-2.0
bo,3,26,1,1000,10.0,-0.9056058592172463,0.040321971185298,0.3428357336937299,,0.3460495227748571,-1.2887635640962742,-2.0
bo,3,27,1,49,0.49,5.181441881325539,0.5118199781744942,5.958385467247319,,-0.1013524814253436,-1.2887635640962742,-2.0
bo,3,28,1,55,0.55,3.8705221261679847,0.7757245824826843,4.383561107781574,,0.16253827740130675,-1.2887635640962742,-2.0
bo,3,29,0,488,4.88,-1.2624385057152554,0.0012018326995366876,0.025123225681482068,,0.7360192859576268,-1.2887635640962742,0.5405997755662678
bo,4,1,1,270,2.7,0.0743017407946871,0.11129918891603781,1.2517661159749236,,0.2834065217292407,-1.2887635640962742,-2.0
bo,4,2,1,1000,10.0,-0.8627247758780001,0.07450140729440861,0.35153738092386555,,0.09078731160279936,-1.2887635640962742,-2.0
bo,4,3,1,1000,10.0,-0.9132951832101696,0.05216616785352225,0.32330221303258244,,-0.4692294486819409,-1.2887635640962742,-2.0
bo,4,4,1,1000,10.0,-0.8776191636175015,0.03138171688576887,0.37976268359300386,,-0.3224907798107229,-1.2887635640962742,-2.0
bo,4,5,1,84,0.84,2.15864370837442,0.557607068003213,2.8898002044674813,,0.4770848358481069,-1.2887635640962742,-2.0
bo,4,6,1,1000,10.0,-0.7566742140180487,0.057583589583762355,0.47450576049446325,,-0.27496632285062833,-1.2887635640962742,-2.0
bo,4,7,1,415,4.15,-0.2599466604241425,0.0418553724128769,0.9869615312592548,,0.5156921239915004,-1.2887635640962742,-2.0
bo,4,8,1,303,3.0300000000000002,-0.09244713344268929,0.022730432455514572,1.1735859981980703,,0.39805647963513824,-1.2887635640962742,-2.0
bo,4,9,1,550,5.5,-0.4860885564605495,0.09521428602628333,0.7074607216094414,,0.5337086549789027,-1.2887635640962742,-2.0
bo,4,10,1,1000,10.0,-0.8508117687047583,0.060373191612709445,0.3775786037788066,,0.07750415639183994,-1.2887635640962742,-2.0
bo,4,11,1,115,1.1500000000000001,1.4691340286217482,0.21587540279441417,2.542022189923608,,0.2749518869822383,-1.2887635640962742,-2.0
bo,4,12,1,70,0.7000000000000001,2.3289489752209,0.21024739033463366,3.4074651489825403,,0.31650163126521486,-1.2887635640962742,-2.0
bo,4,13,0,259,2.59,-1.2197920301987537,0.0028777971262913295,0.06609373677122911,,0.5173477267435792,-1.2887635640962742,0.34134187703317553
esc,0,1,1,2,0.02,20.208786857681172,4.528985044199864,16.968565377577583,,-0.4862344082471025,-1.2887635640962742,-2.0
esc,0,2,1,261,2.61,0.14625552778737783,0.17019509296907256,1.2648239989145795,,0.23572985691016912,-1.2887635640962742,-2.0
esc,0,3,1,46,0.46,5.719022555321769,0.7783994171407833,6.229386702277259,,-0.28740885854099424,-1.2887635640962742,-2.0
esc,0,4,1,49,0.49,5.085045690716959,0.736148406746272,5.637660848066961,,0.008558503465952395,-1.2887635640962742,-2.0
esc,0,5,1,21,0.21,9.870657625639378,1.722585235799301,9.436835953936352,,-0.23683980563544485,-1.2887635640962742,-2.0
esc,0,6,1,286,2.86,-0.10964531870586969,0.06224071891774843,1.116877526472656,,0.19402079150929813,-1.2887635640962742,-2.0
esc,0,7,1,322,3.22,-0.11339025178275608,0.08301586560292684,1.0923574467105914,,0.2092353518858609,-1.2887635640962742,-2.0
esc,0,8,1,48,0.48,5.298151924929057,0.8828300515236936,5.704085437501637,,-0.05015701474835064,-1.2887635640962742,-2.0
esc,0,9,1,41,0.41000000000000003,5.975868270822924,1.0450579872966526,6.219573847622546,,0.2995867519397012,-1.2887635640962742,-2.0
esc,0,10,1,89,0.89,1.6578352253685462,0.14059505857260418,2.806003730892216,,-0.4774458231070134,-1.2887635640962742,-2.0
esc,0,11,1,148,1.48,1.106875784361874,0.09535316305657471,2.3002861854015735,,0.11281625592654236,-1.2887635640962742,-2.0
esc,0,12,1,18,0.18,10.85527222092521,1.7061310146749,10.437904770346584,,-0.2972217830843195,-1.2887635640962742,-2.0
esc,0,13,1,18,0.18,10.465320984278808,1.7177447219646977,10.036339826410385,,-0.12263138942246957,-1.2887635640962742,-2.0
esc,0,14,1,1000,10.0,-0.8629113383908644,0.022797308106822962,0.4030549175985869,,0.07359877826525714,-1.2887635640962742,-2.0
esc,0,15,1,168,1.68,0.6446727523467051,0.2558663523873479,1.6775699640556314,,0.3010700867474365,-1.2887635640962742,-2.0
esc,0,16,1,96,0.96,2.447074085127161,0.40421554338603843,3.331622105837397,,0.07506882391448132,-1.2887635640962742,-2.0
esc,0,17,1,25,0.25,7.935661207129528,0.6894231647862581,8.535001606439545,,-0.22442085442779372,-1.2887635640962742,-2.0
esc,0,18,1,170,1.7,0.7351330439949135,0.23572972400243608,1.7881668840887515,,0.19820175736302809,-1.2887635640962742,-2.0
esc,0,19,1,28,0.28,6.979284768350072,0.2817348697394878,7.986313462706858,,-0.21684442302468002,-1.2887635640962742,-2.0
esc,0,20,1,9,0.09,15.653918120875133,3.4301074077986646,13.512574277172742,,-0.36287396322848176,-1.2887635640962742,-2.0
esc,0,21,1,27,0.27,9.160200992487349,1.6720811060849543,8.77688345049867,,-0.14914181153089986,-1.2887635640962742,-2.0
esc,0,22,1,48,0.48,5.1129939036969265,0.6613248891390752,5.740432578654126,,-0.094947843258203,-1.2887635640962742,-2.0
esc,0,23,1,304,3.04,-0.1442383187003482,0.026443670761327465,1.1180815746345987,,0.1860880837094901,-1.2887635640962742,-2.0
esc,0,24,1,25,0.25,8.385387176914511,0.9030884048671439,8.771062336143642,,-0.1982463337482317,-1.2887635640962742,-2.0
esc,0,25,1,155,1.55,0.8989984988377311,0.2579725993696961,1.9297894635643094,,0.32696598298693297,-1.2887635640962742,-2.0
esc,0,26,1,30,0.3,7.469582664400547,0.44119619536175947,8.31715003313506,,-0.31282066681229304,-1.2887635640962742,-2.0
esc,0,27,1,35,0.35000000000000003,7.368505629548069,0.8465177264698305,7.810751467174512,,-0.23583505214652217,-1.2887635640962742,-2.0
esc,0,28,1,44,0.44,5.5740071047263156,0.6833689407412472,6.179401728081342,,-0.10100413320010215,-1.2887635640962742,-2.0
esc,0,29,1,1,0.01,18.6687910510537,2.368551574804574,17.5890030403454,,-0.7472708174619355,-1.2887635640962742,-2.0
esc,0,30,1,32,0.32,6.625157699953924,0.6343240741226743,7.279597189927523,,-0.1849408433482296,-1.2887635640962742,-2.0
esc,0,31,1,798,7.98,-0.7468473170032558,0.024740801853680817,0.5171754452393377,,0.1243684898111488,-1.2887635640962742,-2.0
esc,0,32,1,110,1.1,1.4062404164198494,0.3409522703207194,2.3540517101954044,,0.6504571775027072,-1.2887635640962742,-2.0
esc,0,33,1,38,0.38,6.873340770973797,0.7745356634412459,7.387568671628825,,-0.5613456369599189,-1.2887635640962742,-2.0
esc,0,34,1,19,0.19,9.358536753545243,1.3355729052243088,9.31172741241721,,-0.2032400463961799,-1.2887635640962742,-2.0
esc,1,1,1,700,7.0,-0.6767167525359566,0.047898831751760206,0.5641479798085574,,0.23163637771751264,-1.2887635640962742,-2.0
esc,1,2,1,284,2.84,-0.054523155786860844,0.12666969446618978,1.1075707138432236,,0.3357797469800935,-1.2887635640962742,-2.0
esc,1,3,1,69,0.6900000000000001,3.357637390752444,0.5839235818624495,4.062477372986269,,0.4042746519783748,-1.2887635640962742,-2.0
esc,1,4,1,398,3.98,-0.3102522775779121,0.046602853713219726,0.9319084328051425,,0.2029604764319579,-1.2887635640962742,-2.0
esc,1,5,1,49,0.49,4.947966028835726,0.514313400270969,5.722416192661031,,0.08304938115628359,-1.2887635640962742,-2.0
esc,1,6,1,80,0.8,2.955103695579166,0.4974481156723073,3.746419144003133,,0.25078220407786567,-1.2887635640962742,-2.0
esc,1,7,1,126,1.26,1.2479466742632972,0.2893743440295734,2.247335894329998,,0.31242505367125384,-1.2887635640962742,-2.0
esc,1,8,1,74,0.74,2.6974199554222995,0.24035094512134664,3.745832574397227,,0.39862996216735935,-1.2887635640962742,-2.0
esc,1,9,1,389,3.89,-0.29818774418183647,0.06355911329573116,0.9270167066187066,,0.3416276207253057,-1.2887635640962742,-2.0
esc,1,10,1,306,3.06,-0.13362132316985664,0.028075302044663308,1.1270669388817542,,0.22428984672989233,-1.2887635640962742,-2.0
esc,1,11,1,104,1.04,1.9625035015074765,0.3388737604419147,2.912393305161836,,0.14554445219599652,-1.2887635640962742,-2.0
esc,1,12,1,164,1.6400000000000001,0.8657306078366303,0.2169597201559984,1.9375344517769062,,0.08353404082365258,-1.2887635640962742,-2.0
esc,1,13,1,54,0.54,3.925403897974374,0.44956627811495986,4.764601183955688,,0.22856611922009704,-1.2887635640962742,-2.0
esc,1,14,1,858,8.58,-0.7968275927789168,0.05331557122971145,0.438620400087646,,0.33495873142219496,-1.2887635640962742,-2.0
esc,1,15,1,89,0.89,2.7350175254885754,0.3669473689069145,3.6568337206779353,,0.3311608648321251,-1.2887635640962742,-2.0
esc,1,16,1,632,6.32,-0.6685855967728329,0.0458399247604166,0.5743380425630247,,0.3020000301766616,-1.2887635640962742,-2.0
esc,1,17,1,33,0.33,6.124623746395403,0.2725058948243848,7.140881415667292,,-0.16550739305838136,-1.2887635640962742,-2.0
esc,1,18,1,13,0.13,12.248873290186108,1.776312660236273,11.761324194046109,,-0.21690820755189666,-1.2887635640962742,-2.0
esc,1,19,1,39,0.39,6.449786982663699,0.9343399981518566,6.804210548608117,,-0.031168223135382107,-1.2887635640962742,-2.0
esc,1,20,1,350,3.5,-0.3405039903472309,0.09388730575371532,0.8543722679953281,,0.2726366275791831,-1.2887635640962742,-2.0
esc,1,21,1,61,0.61,3.721446887208228,0.43974693366796214,4.57046351763654,,0.1107698314169658,-1.2887635640962742,-2.0
esc,1,22,1,855,8.55,-0.7509229020037986,0.028041487863530935,0.5097991742289447,,0.2128446426233612,-1.2887635640962742,-2.0
esc,1,23,1,70,0.7000000000000001,2.8157269426337885,0.22967173811726735,3.874818768612795,,0.08751983275002624,-1.2887635640962742,-2.0
esc,1,24,1,49,0.49,4.918889137973575,0.558957477166064,5.6486952249037845,,0.5373220603373181,-1.2887635640962742,-2.0
esc,1,25,1,313,3.13,-0.06346889205755035,0.04655686445235847,1.1787378075863655,,0.33668536759324236,-1.2887635640962742,-2.0
esc,1,26,1,346,3.46,-0.24833981999946309,0.1147550486218193,0.9256686954749918,,0.30934263062557193,-1.2887635640962742,-2.0
esc,1,27,1,40,0.4,6.225566178778587,0.7286393285601054,6.785690414314756,,-0.005270067324027977,-1.2887635640962742,-2.0
esc,1,28,1,567,5.67,-0.6604685922048024,0.027400157280883956,0.6008948146105879,,0.32525103067445144,-1.2887635640962742,-2.0
esc,1,29,1,544,5.44,-0.5948765196116631,0.059357260941398635,0.6345297835432125,,0.2613425156214246,-1.2887635640962742,-2.0
esc,1,30,1,6,0.06,14.88300247734972,0.8506161600078638,15.321149881438132,,-0.1737412591138144,-1.2887635640962742,-2.0
esc,2,1,1,0,,,,,,,,-2.0
esc,2,2,1,170,1.7,0.9241058142492558,0.19960466084204506,2.013264717503485,,0.13443001346530417,-1.2887635640962742,-2.0
esc,2,3,1,14,0.14,11.325805882230972,2.0563360150736325,10.558233431253614,,-0.3950357265911486,-1.2887635640962742,-2.0
esc,2,4,1,223,2.23,0.13104358764946666,0.09443545771605913,1.3253716940296818,,0.2592508584531431,-1.2887635640962742,-2.0
esc,2,5,1,0,,,,,,,,-2.0
esc,2,6,1,149,1.49,0.8322066160215644,0.10508671424064311,2.0158834658771956,,0.29156024957125287,-1.2887635640962742,-2.0
esc,2,7,1,22,0.22,9.31989721738581,1.3480746196941136,9.260586161787971,,-0.4222157036424213,-1.2887635640962742,-2.0
esc,2,8,1,9,0.09,14.056090076157473,1.9058069210763722,13.439046719177375,,-0.8547747111665489,-1.2887635640962742,-2.0
esc,2,9,1,187,1.87,0.4970805756056309,0.20627687937189013,1.579567260330015,,0.21659629399144512,-1.2887635640962742,-2.0
esc,2,10,1,557,5.57,-0.5572702027994824,0.0602472630007271,0.6712460982960647,,0.21913591943316146,-1.2887635640962742,-2.0
esc,2,11,1,19,0.19,9.639618500448531,0.8691623291315633,10.059219735413242,,-0.4061776138138811,-1.2887635640962742,-2.0
esc,2,12,1,314,3.14,-0.04520483375265072,0.10214969309338284,1.1414090372502406,,0.19491717297127242,-1.2887635640962742,-2.0
esc,2,13,1,0,,,,,,,,-2.0
esc,2,14,1,28,0.28,7.955547009690398,1.3485391271521858,7.895771446634487,,-0.08651646184477083,-1.2887635640962742,-2.0
esc,2,15,1,55,0.55,4.149350816398295,0.8172047178932853,4.620909662601283,,-0.2096935214659834,-1.2887635640962742,-2.0
esc,2,16,1,0,,,,,,,,-2.0
esc,2,17,1,15,0.15,11.868530430413424,1.4857090661490315,11.671584928360668,,-0.9295773876386255,-1.2887635640962742,-2.0
esc,2,18,1,0,,,,,,,,-2.0
esc,2,19,1,0,,,,,,,,-2.0
esc,2,20,1,16,0.16,11.490644489831325,2.269723766661291,10.50968428726631,,-0.38718538214013815,-1.2887635640962742,-2.0
esc,2,21,1,597,5.97,-0.6612232536424364,0.036859293648749646,0.5906810168050882,,0.26532239568523724,-1.2887635640962742,-2.0
esc,2,22,1,15,0.15,10.626579419808028,1.3927412440352147,10.522601739869089,,-0.5157146631207333,-1.2887635640962742,-2.0
esc,2,23,1,14,0.14,12.441327571897455,1.4401270397925845,12.289964096201146,,-0.27828268990565574,-1.2887635640962742,-2.0
esc,2,24,1,15,0.15,11.926602495240207,2.360205044013765,10.855161015322716,,0.04580117359829791,-1.2887635640962742,-2.0
esc,2,25,1,103,1.03,1.797042804326183,0.1091462983110217,2.9766600701114356,,0.05178808840559711,-1.2887635640962742,-2.0
esc,2,26,1,33,0.33,6.599581246719685,1.0976672071001607,6.790677603715799,,-0.3329857276329817,-1.2887635640962742,-2.0
esc,2,27,1,45,0.45,5.967523740645681,0.8174865542931337,6.438800750448821,,-0.223381066436765,-1.2887635640962742,-2.0
esc,2,28,1,17,0.17,9.940679567377064,1.4441258572344662,9.785317274238873,,-0.4036390949717364,-1.2887635640962742,-2.0
esc,2,29,1,90,0.9,1.8439283607676378,0.1165800369400786,3.0161118879238336,,0.3712085031387223,-1.2887635640962742,-2.0
esc,2,30,1,0,,,,,,,,-2.0
esc,2,31,1,118,1.18,1.2502217576981172,0.21605994946269524,2.3229253723316963,,0.11758062912109624,-1.2887635640962742,-2.0
esc,2,32,1,1,0.01,19.96705080691529,4.730144453375893,16.52566991763567,,-0.6533176420307902,-1.2887635640962742,-2.0
esc,2,33,1,538,5.38,-0.5371462570648488,0.06814877700044371,0.6834685300309817,,0.23760522203362633,-1.2887635640962742,-2.0
esc,3,1,1,477,4.7700000000000005,-0.4899219200241416,0.039612384080170364,0.7592292599919623,,0.3077315528333725,-1.2887635640962742,-2.0
esc,3,2,1,63,0.63,3.5076504123563277,0.4744258727699269,4.321988103682675,,0.21080067279581174,-1.2887635640962742,-2.0
esc,3,3,1,46,0.46,5.8459035183527135,0.8563894241471423,6.278277658301845,,0.02575698618631844,-1.2887635640962742,-2.0
esc,3,4,1,212,2.12,0.27698867602826893,0.11140351641866846,1.4543487237058748,,0.31857021521268314,-1.2887635640962742,-2.0
esc,3,5,1,446,4.46,-0.41858247178896857,0.06680982609034519,0.8033712662169604,,0.27085207713748094,-1.2887635640962742,-2.0
esc,3,6,1,135,1.35,1.386117201452463,0.2416778329805024,2.4332029325682347,,0.23478003891832208,-1.2887635640962742,-2.0
esc,3,7,1,268,2.68,0.14341844783215074,0.11947007135139774,1.3127119405770273,,0.2494685623931264,-1.2887635640962742,-2.0
esc,3,8,1,75,0.75,2.8349151077128747,0.5916064049347398,3.5320722668744087,,0.3947427743659246,-1.2887635640962742,-2.0
esc,3,9,1,1000,10.0,-0.843593020899654,0.036022016861651664,0.40914852633496845,,0.06899056623097055,-1.2887635640962742,-2.0
esc,3,10,1,110,1.1,1.8041977087081877,0.16312779811624642,2.9298334746882158,,0.15300668805266635,-1.2887635640962742,-2.0
esc,3,11,1,144,1.44,1.1206076869643262,0.20991263460042528,2.1994586164601753,,0.1350466934196639,-1.2887635640962742,-2.0
esc,3,12,1,75,0.75,2.692951751821756,0.24661535372848153,3.7350999621895484,,0.1494521539824398,-1.2887635640962742,-2.0
esc,3,13,1,127,1.27,1.6757386619176107,0.2820315926751821,2.6824706333387027,,0.21052187237097925,-1.2887635640962742,-2.0
esc,3,14,1,123,1.23,1.0091145389615435,0.26722461052207375,2.030653492535744,,0.4891108656814098,-1.2887635640962742,-2.0
esc,3,15,1,533,5.33,-0.5368917919294749,0.05835389669029457,0.6935178754765048,,0.31356390116430594,-1.2887635640962742,-2.0
esc,3,16,1,66,0.66,3.271885952436552,0.40711328267319674,4.153536233859629,,0.15766642277800064,-1.2887635640962742,-2.0
esc,3,17,1,92,0.92,2.0353008514494064,0.3586338365106043,2.9654305790350763,,0.42931865864518776,-1.2887635640962742,-2.0
esc,3,18,1,307,3.0700000000000003,-0.0845929747700076,0.1411194555265604,1.0630511337997062,,0.2584044483161598,-1.2887635640962742,-2.0
esc,3,19,1,527,5.2700000000000005,-0.5876862893498185,0.059543324542676565,0.6415339502037792,,0.2679804236102282,-1.2887635640962742,-2.0
esc,3,20,1,191,1.9100000000000001,0.5479679191089835,0.143700437650605,1.6930310455546527,,0.35168462547153406,-1.2887635640962742,-2.0
esc,3,21,1,1000,10.0,-0.8822849592516561,0.03522377864934128,0.3712548261952769,,-0.20478990654190005,-1.2887635640962742,-2.0
esc,3,22,1,87,0.87,2.382723646093015,0.4715756892634874,3.199911520925802,,0.402043309897196,-1.2887635640962742,-2.0
esc,3,23,1,129,1.29,1.3400092028237756,0.22580316512018067,2.402969601799869,,0.3763873926862798,-1.2887635640962742,-2.0
esc,3,24,1,450,4.5,-0.4658413046532165,0.020420000259057658,0.8025022591840001,,0.2960581526513204,-1.2887635640962742,-2.0
esc,3,25,1,226,2.2600000000000002,0.39920520594099473,0.0916959001522756,1.5962728698849933,,0.24670452318013572,-1.2887635640962742,-2.0
esc,3,26,1,49,0.49,4.576138028020191,0.29821841947704336,5.566683172639421,,0.27968484499467694,-1.2887635640962742,-2.0
esc,3,27,1,206,2.06,0.4191028337860747,0.1812160035386216,1.5266503943437273,,0.35219398258115386,-1.2887635640962742,-2.0
esc,3,28,1,263,2.63,0.12549431273021616,0.08315216930503523,1.3311057075214552,,0.3002747451666202,-1.2887635640962742,-2.0
esc,3,29,1,73,0.73,3.001094325831981,0.3447524633199479,3.945105426608307,,0.17406227221217677,-1.2887635640962742,-2.0
esc,3,30,1,281,2.81,-0.12858444610189568,0.028545853676650752,1.1316332643177278,,0.26704757906328414,-1.2887635640962742,-2.0
esc,3,31,1,110,1.1,1.7128526984527441,0.36134713179448025,2.6402691307545383,,0.4159071539632048,-1.2887635640962742,-2.0
esc,4,1,1,270,2.7,0.0743017407946871,0.11129918891603781,1.2517661159749236,,0.2834065217292407,-1.2887635640962742,-2.0
esc,4,2,1,244,2.44,0.25566651180331035,0.03553630149376009,1.5088937744058244,,0.1350152543439203,-1.2887635640962742,-2.0
esc,4,3,1,99,0.99,2.0619821681027757,0.19170253442072197,3.159043197778328,,0.1831743303449834,-1.2887635640962742,-2.0
esc,4,4,1,173,1.73,0.7857560640506962,0.14797868863016211,1.9265409395168083,,0.4051605190043847,-1.2887635640962742,-2.0
esc,4,5,1,76,0.76,2.699483928810835,0.2744642416590599,3.7137832512480493,,0.3404902295473781,-1.2887635640962742,-2.0
esc,4,6,1,256,2.56,0.08018661448409725,0.10873777673324565,1.260212401847126,,0.25991681803507594,-1.2887635640962742,-2.0
esc,4,7,1,81,0.81,2.676796216159116,0.4719337309164836,3.493626049338906,,0.4382801924028434,-1.2887635640962742,-2.0
esc,4,8,1,360,3.6,-0.19107663891481041,0.052469662424386665,1.0452172627570773,,0.3352329162106382,-1.2887635640962742,-2.0
esc,4,9,1,85,0.85,2.695819468345732,0.5535121702497544,3.4310708621922523,,0.2265088782720107,-1.2887635640962742,-2.0
esc,4,10,1,44,0.44,5.250946792471796,0.3571337291258924,6.182576627442177,,-0.15419682420077568,-1.2887635640962742,-2.0
esc,4,11,1,75,0.75,2.7156479217906204,0.17224706778294893,3.8321644181039454,,0.0824020644219912,-1.2887635640962742,-2.0
esc,4,12,1,213,2.13,0.4446041007526944,0.08596961354192925,1.6473980513070394,,0.2314791111223041,-1.2887635640962742,-2.0
esc,4,13,1,488,4.88,-0.4399442181068097,0.074827799371732,0.7739915466177325,,0.26891828641324467,-1.2887635640962742,-2.0
esc,4,14,1,86,0.86,2.5860188099342043,0.5119558355285585,3.36282653850192,,0.1853567690891917,-1.2887635640962742,-2.0
esc,4,15,1,688,6.88,-0.7083778955111865,0.041263298119312036,0.5391223704657757,,0.36307475069603057,-1.2887635640962742,-2.0
esc,4,16,1,199,1.99,0.5617498272767467,0.17385350220210766,1.6766598891709132,,0.30098472183777014,-1.2887635640962742,-2.0
esc,4,17,1,655,6.55,-0.7131175338459462,0.04764587728599255,0.5280001529643354,,0.268015954360053,-1.2887635640962742,-2.0
esc,4,18,1,217,2.17,0.38353631948497413,0.16574651381340932,1.506553369767839,,0.28099642102592787,-1.2887635640962742,-2.0
esc,4,19,1,61,0.61,3.672891051862506,0.5489763931830001,4.41267822277578,,0.19157768899292804,-1.2887635640962742,-2.0
esc,4,20,1,293,2.93,-0.02359644387932014,0.0635335229248824,1.2016335972920718,,0.40346737321068554,-1.2887635640962742,-2.0
esc,4,21,1,202,2.02,0.39815668096552015,0.2140022790549767,1.4729179660068177,,0.39647092902429415,-1.2887635640962742,-2.0
esc,4,22,1,170,1.7,0.953974495666776,0.24457086980484352,1.9981671899582067,,0.3108141045514117,-1.2887635640962742,-2.0
esc,4,23,1,453,4.53,-0.44073133989476787,0.07115227682253335,0.776879947378973,,0.30293440595185706,-1.2887635640962742,-2.0
esc,4,24,1,98,0.98,2.3678578917083293,0.319414806547213,3.33720664925739,,0.11956894115880196,-1.2887635640962742,-2.0
esc,4,25,1,56,0.56,4.526026000543268,0.6197258212984406,5.195063743341102,,0.10771738844370082,-1.2887635640962742,-2.0
esc,4,26,1,288,2.88,-0.13793297677140237,0.13668206678480974,1.0141485205400622,,0.3734955975281127,-1.2887635640962742,-2.0
esc,4,27,1,422,4.22,-0.41997401774718046,0.06524443891024787,0.8035451074388459,,0.2866461958715398,-1.2887635640962742,-2.0
esc,4,28,1,77,0.77,2.9766227627777377,0.20611980126605797,4.059266525607954,,0.08914559424436772,-1.2887635640962742,-2.0
esc,4,29,1,157,1.57,0.8763695638727278,0.16189348083300184,2.003239647136,,0.2511911809322762,-1.2887635640962742,-2.0
esc,4,30,1,67,0.67,2.3068232633222596,0.17731579896374194,3.4182710284547917,,0.42933075400210724,-1.2887635640962742,-2.0
esc,4,31,1,130,1.3,1.0394886840114552,0.2581388931779217,2.070113354929808,,0.4788843432819656,-1.2887635640962742,-2.0
esc,4,32,1,87,0.87,1.9865620833638846,0.3732275158186472,2.9020981316415115,,0.49525994790591726,-1.2887635640962742,-2.0
esc,4,33,1,40,0.4,6.535849105236901,0.9317528293806161,6.892859839952559,,0.047020382659443694,-1.2887635640962742,-2.0
grid,0,1,1,2,0.02,20.208786857681172,4.528985044199864,16.968565377577583,,-0.4862344082471025,-1.2887635640962742,-2.0
grid,0,2,1,1000,10.0,-0.8752950773869959,0.038964719243646605,0.37450376746563185,,-0.11562929900707752,-1.2887635640962742,-2.0
grid,0,3,1,45,0.45,4.564416386267052,0.23137213329739537,5.62180781706593,,0.11955066944263623,-1.2887635640962742,-2.0
grid,0,4,1,70,0.7000000000000001,3.8142687457809563,0.8246550824998693,4.278377227377361,,-0.11573441282961451,-1.2887635640962742,-2.0
grid,0,5,1,17,0.17,12.175121726054794,2.1357933938177345,11.328091896333333,,-0.43142246079756913,-1.2887635640962742,-2.0
grid,0,6,1,37,0.37,7.127944663375808,1.671250535983023,6.745457691489059,,-0.06975364389900622,-1.2887635640962742,-2.0
grid,0,7,1,32,0.32,7.389839776391686,1.8027100375783087,6.875893302909651,,-0.27505478737660394,-1.2887635640962742,-2.0
grid,0,8,1,1000,10.0,-0.8429876130552287,0.030982860242376006,0.41479309079866944,,0.11069933203805565,-1.2887635640962742,-2.0
grid,0,9,1,34,0.34,6.48108894427202,0.30504895920932906,7.464803549158965,,-0.35231383371774194,-1.2887635640962742,-2.0
grid,0,10,1,54,0.54,5.555516409242254,1.5863672571875753,5.257912716150953,,-0.23377352927724893,-1.2887635640962742,-2.0
grid,0,11,1,1000,10.0,-0.8460543320267806,0.018433229899574324,0.4242760021699194,,-0.485960294993088,-1.2887635640962742,-2.0
grid,0,12,1,24,0.24,8.13788015125987,1.028697163152334,8.39794655220381,,-0.2970608838952619,-1.2887635640962742,-2.0
grid,0,13,1,9,0.09,16.048973194323036,3.7564475786192912,13.581289179800018,,-0.16041555102144497,-1.2887635640962742,-2.0
grid,0,14,1,292,2.92,0.022903921784715342,0.09932127867423583,1.2123462072067537,,0.21398674525025058,-1.2887635640962742,-2.0
grid,0,15,1,723,7.23,-0.7957999058860264,0.06019006528749134,0.43277359292275647,,0.3155075290277477,-1.2887635640962742,-2.0
grid,0,16,1,25,0.25,7.997827544608239,1.2901141073695512,7.996477001334962,,-0.21407431717268025,-1.2887635640962742,-2.0
grid,0,17,1,32,0.32,8.848455183637698,1.3888151660763577,8.748403581657616,,-0.282545286979645,-1.2887635640962742,-2.0
grid,0,18,1,1000,10.0,-0.8766067996599898,0.028536628067580165,0.38362013636870435,,-0.6150295013245451,-1.2887635640962742,-2.0
grid,0,19,1,947,9.47,-0.8262746526674414,0.028509584621379976,0.43397932680745294,,0.19613796815113907,-1.2887635640962742,-2.0
grid,0,20,1,0,,,,,,,,-2.0
grid,0,21,1,0,,,,,,,,-2.0
grid,0,22,1,6,0.06,16.746968324897527,3.771427928406343,14.264303960587457,,-0.43355001359850504,-1.2887635640962742,-2.0
grid,0,23,1,372,3.72,-0.38486392779474454,0.11395312264365383,0.7899465136578758,,0.28813899228001766,-1.2887635640962742,-2.0
grid,0,24,1,29,0.29,6.975362370564301,0.265015905083633,7.999110029576941,,-0.22992734010297083,-1.2887635640962742,-2.0
grid,1,1,1,700,7.0,-0.6767167525359566,0.047898831751760206,0.5641479798085574,,0.23163637771751264,-1.2887635640962742,-2.0
grid,1,2,1,1000,10.0,-0.8384828553759331,0.034535667242904765,0.4157450414774364,,-0.07916788077281478,-1.2887635640962742,-2.0
grid,1,3,1,20,0.2,9.122606445827676,1.5443839657882668,8.866986044135684,,0.12058392498182524,-1.2887635640962742,-2.0
grid,1,4,1,756,7.5600000000000005,-0.7680300635045659,0.0526686958690737,0.46806480472263456,,0.30613716331710533,-1.2887635640962742,-2.0
grid,1,5,1,52,0.52,3.5384230679104327,0.21168099385333952,4.615505638153367,,0.5790858502707456,-1.2887635640962742,-2.0
grid,1,6,1,23,0.23,9.703187882008148,0.8418986008814138,10.150052845223009,,-0.28515495485433795,-1.2887635640962742,-2.0
grid,1,7,1,94,0.9400000000000001,2.4115578946796674,0.22942004933447505,3.470901409441467,,0.11448689015865883,-1.2887635640962742,-2.0
grid,1,8,1,230,2.3000000000000003,0.2529285258341756,0.1617533554522504,1.3799387344781995,,0.15800677555396736,-1.2887635640962742,-2.0
grid,1,9,1,1000,10.0,-0.8625480690042574,0.03863841963129849,0.38757707546071835,,-0.1607310942212476,-1.2887635640962742,-2.0
grid,1,10,1,734,7.34,-0.7250333175666761,0.06784793672093145,0.49588230980866665,,0.4413511236502868,-1.2887635640962742,-2.0
grid,1,11,1,516,5.16,-0.6019744939647268,0.06108660769119191,0.6257024624403555,,0.2941685118160207,-1.2887635640962742,-2.0
grid,1,12,1,1000,10.0,-0.8951144232701902,0.03527540389045723,0.3583737369356268,,-0.3466150919869752,-1.2887635640962742,-2.0
grid,1,13,1,137,1.37,1.222063599284925,0.10712715256616948,2.4037000108150295,,0.25832756134402124,-1.2887635640962742,-2.0
grid,1,14,1,76,0.76,3.3807526490096667,0.8458546945159092,3.8236615185900313,,0.1300771135698772,-1.2887635640962742,-2.0
grid,1,15,1,203,2.0300000000000002,0.45282449604670516,0.1633051527053794,1.5782829074376,,0.26015997609616426,-1.2887635640962742,-2.0
grid,1,16,1,115,1.1500000000000001,1.672309298768284,0.2347447802990282,2.72632808256553,,0.33764412377124786,-1.2887635640962742,-2.0
grid,1,17,1,1000,10.0,-0.8179063871024641,0.044641104380438806,0.4262160726133713,,-0.3163337114460625,-1.2887635640962742,-2.0
grid,1,18,1,63,0.63,3.90070355833359,0.9867527665800905,4.202714355849774,,0.18404966401431486,-1.2887635640962742,-2.0
grid,1,19,1,460,4.6000000000000005,-0.501031919043869,0.0955420149425748,0.6921896301098305,,0.3995258558938165,-1.2887635640962742,-2.0
grid,1,20,1,1000,10.0,-0.8233573596550966,0.046710692319761736,0.4186955121214159,,-0.17280788607823866,-1.2887635640962742,-2.0
grid,2,1,1,0,,,,,,,,-2.0
grid,2,2,1,159,1.59,0.803811230498092,0.19185821902419475,1.9007165755701716,,0.15941090731157034,-1.2887635640962742,-2.0
grid,2,3,1,47,0.47000000000000003,5.283202209040967,0.8164226313550687,5.755543141782172,,-0.40585514061326594,-1.2887635640962742,-2.0
grid,2,4,1,353,3.5300000000000002,-0.13235649230260615,0.11571058071133156,1.0406964910823366,,0.29932101442829523,-1.2887635640962742,-2.0
grid,2,5,1,23,0.23,10.463967309041053,2.055595965358255,9.697134907779072,,-0.43195807500114686,-1.2887635640962742,-2.0
grid,2,6,1,0,,,,,,,,-2.0
grid,2,7,1,4,0.04,18.25471728726068,3.2561221630471593,16.287358688309794,,-0.9205095952664644,-1.2887635640962742,-2.0
grid,2,8,1,910,9.1,-0.8656194398723849,0.07039078159084212,0.35275334263304725,,0.32552110839225945,-1.2887635640962742,-2.0
grid,2,9,1,0,,,,,,,,-2.0
grid,2,10,1,8,0.08,15.611422537738665,3.4825558505256855,13.417630251309253,,-0.37357676326096845,-1.2887635640962742,-2.0
grid,2,11,1,1000,10.0,-0.7778029494240938,0.05131995128929616,0.4596406633828843,,-0.1571981538463504,-1.2887635640962742,-2.0
grid,2,12,1,0,,,,,,,,-2.0
grid,2,13,1,1000,10.0,-0.8410533687808592,0.038277818731340806,0.4094323765840743,,-0.20279190689843768,-1.2887635640962742,-2.0
grid,2,14,1,1000,10.0,-0.8671600411632014,0.047311736995999665,0.3742917859370732,,0.08109982159144867,-1.2887635640962742,-2.0
grid,2,15,1,1000,10.0,-0.8695940694673645,0.05510853493296864,0.36406095969594104,,0.17514749307298133,-1.2887635640962742,-2.0
grid,2,16,1,37,0.37,6.6771943385682455,1.4369089323959041,6.529048970268615,,-0.14575450550731878,-1.2887635640962742,-2.0
grid,2,17,1,0,,,,,,,,-2.0
grid,2,18,1,402,4.0200000000000005,-0.40792767878123015,0.1354215164368826,0.7454143688781615,,0.42192773391884847,-1.2887635640962742,-2.0
grid,2,19,1,2,0.02,20.360878459565043,6.5975255521344,15.052116471526919,,-0.26790486661568047,-1.2887635640962742,-2.0
grid,2,20,1,729,7.29,-0.7014833017334282,0.072950257008725,0.514330005354121,,0.34044801531722907,-1.2887635640962742,-2.0
grid,2,21,1,48,0.48,5.736535079571961,0.4439514008623299,6.581347242805905,,-0.37540680641836843,-1.2887635640962742,-2.0
grid,2,22,1,96,0.96,2.2727806791706184,0.62294773159462,2.9385965116722725,,0.5016580223905884,-1.2887635640962742,-2.0
grid,2,23,1,0,,,,,,,,-2.0
grid,2,24,1,0,,,,,,,,-2.0
grid,2,25,1,6,0.06,17.043991777769758,4.053115302460562,14.279640039405471,,0.022298493615390602,-1.2887635640962742,-2.0
grid,2,26,1,79,0.79,2.2999782827903594,0.3264795292194552,3.2622623176671786,,0.6574568697752621,-1.2887635640962742,-2.0
grid,2,27,1,6,0.06,15.792200144913199,2.743819193416791,14.337144515592682,,-0.14603920239153595,-1.2887635640962742,-2.0
grid,2,28,1,0,,,,,,,,-2.0
grid,3,1,1,477,4.7700000000000005,-0.4899219200241416,0.039612384080170364,0.7592292599919623,,0.3077315528333725,-1.2887635640962742,-2.0
grid,3,2,1,1000,10.0,-0.8058846898511122,0.022237521100040663,0.4606413531451214,,-0.6099036247613168,-1.2887635640962742,-2.0
grid,3,3,1,166,1.6600000000000001,1.0960350688175244,0.2532079816763438,2.1315906512374547,,0.41341272745599567,-1.2887635640962742,-2.0
grid,3,4,1,1000,10.0,-0.8809041439960741,0.028323662531891634,0.37953575756830854,,-0.606445031852743,-1.2887635640962742,-2.0
grid,3,5,1,83,0.8300000000000001,2.314022852768419,0.3585413550945156,3.2442450617701777,,0.40575641433779325,-1.2887635640962742,-2.0
grid,3,6,1,92,0.92,2.2353774967241433,0.42387985888764607,3.1002612019327715,,0.2149266163676146,-1.2887635640962742,-2.0
grid,3,7,1,257,2.57,0.22545776676359686,0.17464011177630842,1.3395812190835628,,0.41880138518893484,-1.2887635640962742,-2.0
grid,3,8,1,1000,10.0,-0.7875413558862292,0.023257091748649705,0.47796511646139533,,-0.3589695095792834,-1.2887635640962742,-2.0
grid,3,9,1,231,2.31,0.3041143622380158,0.12190632285526005,1.4709716034790299,,0.28812807990164796,-1.2887635640962742,-2.0
grid,3,10,1,117,1.17,1.8280946829970726,0.42070903226238904,2.6961492148309576,,0.2217971412581084,-1.2887635640962742,-2.0
grid,3,11,1,258,2.58,0.1015494489849893,0.0934437229774792,1.2968692901037844,,0.41466087081926273,-1.2887635640962742,-2.0
grid,3,12,1,75,0.75,2.8300076334180586,0.6496590847842246,3.4691121127301083,,0.45926759295272024,-1.2887635640962742,-2.0
grid,3,13,1,79,0.79,2.65779145946797,0.43333761533464604,3.5132174082295977,,0.2901330170828918,-1.2887635640962742,-2.0
grid,3,14,1,92,0.92,2.622664829611992,0.11832626654570691,3.793102127162559,,0.043982253047184804,-1.2887635640962742,-2.0
grid,3,15,1,86,0.86,2.7843094252017107,0.5931455765697519,3.4799274127282325,,0.5740447990738735,-1.2887635640962742,-2.0
grid,3,16,1,322,3.22,-0.10309869085872836,0.09858944623057157,1.0870754270069742,,0.30459897795812885,-1.2887635640962742,-2.0
grid,3,17,1,780,7.8,-0.7813030812406887,0.023539794481668624,0.4839206883739169,,0.2539845117562023,-1.2887635640962742,-2.0
grid,3,18,1,184,1.84,0.5593226853764879,0.1163870507066838,1.7316991987660784,,0.22125894784107678,-1.2887635640962742,-2.0
grid,3,19,1,72,0.72,2.6644100008746054,0.21534672369674068,3.737826841274139,,0.14967575491347482,-1.2887635640962742,-2.0
grid,3,20,1,1000,10.0,-0.8448603080707908,0.058227119912315405,0.38567613611316803,,-0.6046862705892028,-1.2887635640962742,-2.0
grid,3,21,1,152,1.52,1.0528847356468851,0.24866612667601967,2.09298217306714,,0.35097905277739977,-1.2887635640962742,-2.0
grid,3,22,1,109,1.09,1.8133039599709664,0.4049754078847606,2.69709211618248,,0.5335723784952539,-1.2887635640962742,-2.0
grid,3,23,1,216,2.16,0.34132292976583023,0.150482824026465,1.4796036698356394,,0.35982028642050695,-1.2887635640962742,-2.0
grid,3,24,0,1000,10.0,-1.0131156345272423,0.020157302358541854,0.2554906272104901,,0.25285982701963683,-1.2887635640962742,-0.6570618602817906
grid,4,1,1,270,2.7,0.0743017407946871,0.11129918891603781,1.2517661159749236,,0.2834065217292407,-1.2887635640962742,-2.0
grid,4,2,1,689,6.890000000000001,-0.6370428622916079,0.04587293577988376,0.6058477660247826,,0.2802500729450541,-1.2887635640962742,-2.0
grid,4,3,1,663,6.63,-0.6004778596275816,0.05631580461723111,0.6319698998514616,,0.25584898402258066,-1.2887635640962742,-2.0
grid,4,4,1,1000,10.0,-0.9427854193183469,0.05356075562457553,0.2924173891533518,,0.2518790674461265,-1.2887635640962742,-2.0
grid,4,5,1,639,6.390000000000001,-0.6189257158595323,0.04825841143807156,0.6215794367986704,,0.2359375335871671,-1.2887635640962742,-2.0
grid,4,6,1,1000,10.0,-0.8358079896775169,0.018778793416500267,0.43417678100225704,,0.14314205033090055,-1.2887635640962742,-2.0
grid,4,7,1,486,4.86,-0.4402607194423299,0.06582376538263568,0.7826790792713086,,0.5041143612508694,-1.2887635640962742,-2.0
grid,4,8,1,1000,10.0,-0.8840346788168032,0.040217839031921124,0.36451104624755,,-0.34790413240351176,-1.2887635640962742,-2.0
grid,4,9,1,96,0.96,2.4463597825025927,0.1467492535638768,3.58837409303499,,0.1440336094957135,-1.2887635640962742,-2.0
grid,4,10,1,588,5.88,-0.6046252380813602,0.06342797061931615,0.6207103553955979,,0.2936998407087766,-1.2887635640962742,-2.0
grid,4,11,1,1000,10.0,-0.8615994297431862,0.0405345537494073,0.38662958060368074,,-0.5233818938199742,-1.2887635640962742,-2.0
grid,4,12,1,67,0.67,3.6105100433781683,0.20098209219939342,4.698291515275049,,0.0672656822623154,-1.2887635640962742,-2.0
grid,4,13,1,1000,10.0,-0.8800044982587807,0.05922047680954189,0.3495385890279516,,0.506990013617724,-1.2887635640962742,-2.0
grid,4,14,1,67,0.67,2.9446386641243043,0.3181339755289139,3.9152682526916642,,0.1645992489785752,-1.2887635640962742,-2.0
grid,4,15,1,857,8.57,-0.818620959167451,0.03775627281678273,0.4323863321120405,,0.47834224992311286,-1.2887635640962742,-2.0
noadapt,0,1,1,2,0.02,20.208786857681172,4.528985044199864,16.968565377577583,,-0.4862344082471025,-1.2887635640962742,-2.0
noadapt,0,2,1,174,1.74,0.6971534481963879,0.19097895198896875,1.7949380603036933,,0.19767277067420227,-1.2887635640962742,-2.0
noadapt,0,3,1,8,0.08,14.635736994978208,1.1017451439658752,14.822755415108608,,-0.7672570519363605,-1.2887635640962742,-2.0
noadapt,0,4,1,76,0.76,2.9773500330314784,0.24489410198639278,4.021219495141359,,-0.14516333715887705,-1.2887635640962742,-2.0
noadapt,0,5,1,32,0.32,7.135207226871599,0.5760313067595202,7.847939484208354,,0.07846140714990216,-1.2887635640962742,-2.0
noadapt,0,6,1,18,0.18,11.17819037619567,1.884805132552486,10.582148807739458,,-0.26449307813346606,-1.2887635640962742,-2.0
noadapt,0,7,1,82,0.8200000000000001,2.9657844658848944,0.41394430976386953,3.840603720217299,,-0.0605431464745291,-1.2887635640962742,-2.0
noadapt,0,8,1,23,0.23,7.810532490954,0.8902588272772435,8.209037227773031,,-0.14010852117593028,-1.2887635640962742,-2.0
noadapt,0,9,1,51,0.51,4.014533448755058,0.2721774097762516,5.031119603075081,,0.5764331190491996,-1.2887635640962742,-2.0
noadapt,0,10,1,302,3.02,0.10216336801803805,0.08632077593229594,1.3046061561820164,,0.1596967297619999,-1.2887635640962742,-2.0
noadapt,0,11,1,0,,,,,,,,-2.0
noadapt,0,12,1,33,0.33,6.362441789927072,0.7618158349441569,6.889389519079189,,-0.09015697251862534,-1.2887635640962742,-2.0
noadapt,0,13,1,323,3.23,-0.11065164349370482,0.07668943175704952,1.10142248884552,,0.35166026772793946,-1.2887635640962742,-2.0
noadapt,0,14,1,455,4.55,-0.4856501306400909,0.07958108628238647,0.7235323471737969,,0.22204008983670384,-1.2887635640962742,-2.0
noadapt,0,15,1,21,0.21,9.401930056087998,1.435385581685279,9.255308038498994,,0.11435725714433391,-1.2887635640962742,-2.0
noadapt,0,16,1,64,0.64,3.6497009836610887,0.5585607810847322,4.379903766672631,,0.47051541036714095,-1.2887635640962742,-2.0
noadapt,0,17,1,0,,,,,,,,-2.0
noadapt,0,18,1,105,1.05,2.084841817455872,0.2224026169541705,3.151202764597975,,0.08456274225525168,-1.2887635640962742,-2.0
noadapt,0,19,1,82,0.8200000000000001,2.9108910704825552,0.38158553769137193,3.818069096887457,,-0.1979283068119193,-1.2887635640962742,-2.0
noadapt,0,20,1,51,0.51,4.508029252227685,0.6818498176314524,5.114942998692507,,0.010183204735795703,-1.2887635640962742,-2.0
noadapt,0,21,1,333,3.33,-0.16771360672554447,0.0904676270794642,1.0305823302912656,,0.18203781014808382,-1.2887635640962742,-2.0
noadapt,0,22,1,26,0.26,7.474640835856603,0.6731579138788606,8.090246486074017,,-0.2235824243294363,-1.2887635640962742,-2.0
noadapt,0,23,1,396,3.96,-0.4151593506370955,0.02712020089346298,0.8464840125657157,,0.16844130552280234,-1.2887635640962742,-2.0
noadapt,0,24,1,25,0.25,7.4813885506586795,0.6721150104168734,8.09803710433808,,-0.17317404055432586,-1.2887635640962742,-2.0
noadapt,0,25,1,36,0.36,6.838465645619345,0.4757661466371991,7.6514630630784195,,-0.27652130763127064,-1.2887635640962742,-2.0
noadapt,0,26,1,67,0.67,3.5676815076896107,0.6256582657636772,4.230786806022207,,0.6448993021465075,-1.2887635640962742,-2.0
noadapt,0,27,1,12,0.12,13.40693104105072,2.211941342416974,12.483753262730021,,-0.3807021116397031,-1.2887635640962742,-2.0
noadapt,0,28,1,37,0.37,5.968207984083188,0.3752654392751319,6.88170610890433,,-0.33440986376559995,-1.2887635640962742,-2.0
noadapt,0,29,1,0,,,,,,,,-2.0
noadapt,0,30,1,329,3.29,-0.2610277281777216,0.10024762610829671,0.927488209810256,,0.24312647857113734,-1.2887635640962742,-2.0
noadapt,0,31,1,57,0.5700000000000001,3.6576204861349693,0.5164253330781193,4.429958717153124,,0.08509939376401925,-1.2887635640962742,-2.0
noadapt,0,32,1,0,,,,,,,,-2.0
noadapt,0,33,1,18,0.18,10.973581876716848,1.749701794208006,10.512643646605117,,-0.24640826668996998,-1.2887635640962742,-2.0
noadapt,0,34,1,19,0.19,9.599412714694001,1.3079752078649087,9.580201070925368,,-0.1963915115033228,-1.2887635640962742,-2.0
noadapt,0,35,1,24,0.24,9.02166159401997,1.5536208737536408,8.756804284362603,,0.10789666252548251,-1.2887635640962742,-2.0
noadapt,0,36,1,272,2.72,0.09521506896932497,0.11432455162536063,1.2696540814402386,,0.15795425074644,-1.2887635640962742,-2.0
noadapt,0,37,0,256,2.56,-1.1208323192735479,0.0037975172038309775,0.1641337276188954,,0.3731291486508766,-1.2887635640962742,-0.1545127091913463
noadapt,1,1,1,700,7.0,-0.6767167525359566,0.047898831751760206,0.5641479798085574,,0.23163637771751264,-1.2887635640962742,-2.0
noadapt,1,2,1,224,2.24,0.3641493334629833,0.13985299526864212,1.5130599022906155,,0.27149164866757103,-1.2887635640962742,-2.0
noadapt,1,3,1,85,0.85,2.409014605074579,0.4644666301115689,3.233311539059284,,0.4906915337883967,-1.2887635640962742,-2.0
noadapt,1,4,1,114,1.1400000000000001,1.4062838549194014,0.3127626986367023,2.382284720378973,,0.3160301686243353,-1.2887635640962742,-2.0
noadapt,1,5,1,168,1.68,0.9246805131661977,0.19793907310381925,2.0155050041586526,,0.27107843040293444,-1.2887635640962742,-2.0
noadapt,1,6,1,71,0.71,2.779260954076813,0.274291326949235,3.7937331912238523,,-0.13134978545406645,-1.2887635640962742,-2.0
noadapt,1,7,1,227,2.27,0.3178184607554526,0.1879957726156226,1.4185862522361044,,0.39730307492356226,-1.2887635640962742,-2.0
noadapt,1,8,1,39,0.39,6.511943242555867,0.6476066615139546,7.153100145138187,,-0.11078655403621486,-1.2887635640962742,-2.0
noadapt,1,9,1,213,2.13,0.3165025762692162,0.04804823552466559,1.5572179048408248,,0.2367856829019252,-1.2887635640962742,-2.0
noadapt,1,10,1,50,0.5,4.431892186692378,0.6429599533135146,5.077695797475138,,0.1548041522017935,-1.2887635640962742,-2.0
noadapt,1,11,1,50,0.5,5.083079282515449,0.8012633227212368,5.570579523890486,,0.06600795880343986,-1.2887635640962742,-2.0
noadapt,1,12,1,244,2.44,0.0950998326035124,0.16828927620826895,1.2155741204915178,,0.3183156010910338,-1.2887635640962742,-2.0
noadapt,1,13,1,248,2.48,0.08237961674249639,0.11304071227960792,1.2581024685591626,,0.2877581058372277,-1.2887635640962742,-2.0
noadapt,1,14,1,28,0.28,7.866200519721727,1.1845612371840046,7.970402846633997,,-0.022953974984001146,-1.2887635640962742,-2.0
noadapt,1,15,1,232,2.32,0.3235286208377761,0.08995840660805259,1.5223337783259978,,0.22016372028803102,-1.2887635640962742,-2.0
noadapt,1,16,1,23,0.23,8.990682433923112,1.5393181245325136,8.740127873486873,,-0.09086411139468473,-1.2887635640962742,-2.0
noadapt,1,17,1,56,0.56,4.274770202405844,0.5952105697674873,4.968323196734631,,0.0510446793305148,-1.2887635640962742,-2.0
noadapt,1,18,1,47,0.47000000000000003,5.405255077314361,0.6345028592541602,6.059515782156475,,-0.09710659101549435,-1.2887635640962742,-2.0
noadapt,1,19,1,518,5.18,-0.5045692493365906,0.06020919465699407,0.7239851201026896,,0.27919362397754255,-1.2887635640962742,-2.0
noadapt,1,20,1,234,2.34,0.26801146681489185,0.15674335390157157,1.4000316770095944,,0.2921058025506484,-1.2887635640962742,-2.0
noadapt,1,21,1,373,3.73,-0.2709615905764211,0.08392495540647928,0.9338770181133738,,0.30419690365332536,-1.2887635640962742,-2.0
noadapt,1,22,1,219,2.19,0.3562874893953192,0.09990248455379476,1.5451485689377986,,0.2351920814637953,-1.2887635640962742,-2.0
noadapt,1,23,1,133,1.33,0.9551443635222576,0.13164752603452917,2.1122604015840025,,0.2936410110429178,-1.2887635640962742,-2.0
noadapt,1,24,1,645,6.45,-0.6440853070108481,0.02846156858617866,0.6162166884992475,,0.2502842537105679,-1.2887635640962742,-2.0
noadapt,1,25,1,117,1.17,1.9638221892914938,0.293053264221353,2.959532489166415,,0.0722014102511798,-1.2887635640962742,-2.0
noadapt,1,26,1,762,7.62,-0.7613412238476694,0.052338366748369974,0.4750839735002348,,0.03105308299395902,-1.2887635640962742,-2.0
noadapt,1,27,1,117,1.17,1.4252540830086844,0.2965345749883873,2.417483072116571,,0.5147692713460371,-1.2887635640962742,-2.0
noadapt,1,28,1,51,0.51,4.774979358400894,0.7446948114720097,5.319048111025158,,0.128868313319712,-1.2887635640962742,-2.0
noadapt,1,29,1,268,2.68,0.09775768351053626,0.12268887117547066,1.26383237643134,,0.4018002288902109,-1.2887635640962742,-2.0
noadapt,1,30,1,637,6.37,-0.6953102997744792,0.03344973076239132,0.5600035335594037,,0.24978181576596514,-1.2887635640962742,-2.0
noadapt,2,1,1,0,,,,,,,,-2.0
noadapt,2,2,1,312,3.12,-0.1575578993137745,0.10352517244614323,1.0276804923363565,,0.18859243589138586,-1.2887635640962742,-2.0
noadapt,2,3,1,0,,,,,,,,-2.0
noadapt,2,4,1,97,0.97,2.0120665390397843,0.39643835349753637,2.9043917496385223,,0.08510130732675283,-1.2887635640962742,-2.0
noadapt,2,5,1,18,0.18,10.361080213162085,0.7283917894044379,10.921451987853922,,-0.4237278879185198,-1.2887635640962742,-2.0
noadapt,2,6,1,141,1.41,1.1941475559575945,0.22162879119584677,2.261282328858022,,0.19265768668823022,-1.2887635640962742,-2.0
noadapt,2,7,1,33,0.33,6.164570837992071,0.7927928092449891,6.660541592843356,,-0.09404592003957982,-1.2887635640962742,-2.0
noadapt,2,8,1,12,0.12,12.801605558199208,2.341485664050382,11.748883458245102,,-0.2688176198924818,-1.2887635640962742,-2.0
noadapt,2,9,1,27,0.27,8.580333798068668,1.1312707544842917,8.737826607680653,,-0.27345683810408866,-1.2887635640962742,-2.0
noadapt,2,10,1,125,1.25,1.6774154178552856,0.27272967805517495,2.6934493038963847,,-0.023587284652053446,-1.2887635640962742,-2.0
noadapt,2,11,1,121,1.21,1.358821836536402,0.2877326234277227,2.3598527772049533,,0.1498816627434369,-1.2887635640962742,-2.0
noadapt,2,12,1,0,,,,,,,,-2.0
noadapt,2,13,1,30,0.3,8.254759947391888,1.1874639235350142,8.356059587953148,,-0.1817341383456039,-1.2887635640962742,-2.0
noadapt,2,14,1,37,0.37,6.682861597089444,0.9263976844530141,7.045227476732704,,0.00256109074269009,-1.2887635640962742,-2.0
noadapt,2,15,1,48,0.48,4.373504109770561,0.22997950615971477,5.43228816770712,,-0.12967458589556996,-1.2887635640962742,-2.0
noadapt,2,16,1,61,0.61,3.3937545081918374,0.5189932816816889,4.163524790606423,,0.2760753742086786,-1.2887635640962742,-2.0
noadapt,2,17,1,48,0.48,5.003019408454672,0.39665971606203554,5.895123256488911,,-0.5551913162023255,-1.2887635640962742,-2.0
noadapt,2,18,1,220,2.2,0.13411384922415293,0.09505332144671698,1.32782409187371,,0.30861221274857653,-1.2887635640962742,-2.0
noadapt,2,19,1,29,0.29,8.45239524784744,1.0494824203721265,8.691676391571589,,-0.3049124014852385,-1.2887635640962742,-2.0
noadapt,2,20,1,514,5.14,-0.5911920200786158,0.023103434471692733,0.6744681095459657,,0.23801238104829628,-1.2887635640962742,-2.0
noadapt,2,21,1,105,1.05,1.709908495097684,0.1902287071542943,2.808443352039664,,0.09087325688315964,-1.2887635640962742,-2.0
noadapt,2,22,1,1,0.01,21.620393478672025,7.218562417453667,15.690594625314633,,-0.11730732474474871,-1.2887635640962742,-2.0
noadapt,2,23,1,145,1.45,1.3220566504622953,0.22256951942515138,2.388250695133418,,0.09193368419886855,-1.2887635640962742,-2.0
noadapt,2,24,1,119,1.19,1.2955045549349162,0.17023597837013218,2.414032140661058,,0.14658230562878044,-1.2887635640962742,-2.0
noadapt,2,25,1,58,0.58,4.345778537118896,0.6228304803831329,5.011711620832037,,-0.06978385916950208,-1.2887635640962742,-2.0
noadapt,2,26,1,0,,,,,,,,-2.0
noadapt,2,27,1,0,,,,,,,,-2.0
noadapt,2,28,1,10,0.1,13.942378475271891,2.6988230062217116,12.532319033146454,,-0.060438751931006875,-1.2887635640962742,-2.0
noadapt,2,29,1,50,0.5,4.564158167874662,0.29253707537790513,5.560384656593031,,-0.28192880272798454,-1.2887635640962742,-2.0
noadapt,2,30,1,70,0.7000000000000001,2.9196450447924587,0.12003831216713186,4.0883702967216005,,-0.2946787801145826,-1.2887635640962742,-2.0
noadapt,2,31,1,34,0.34,6.054069057618859,0.32778108380128756,7.015051537913846,,0.5692733384603651,-1.2887635640962742,-2.0
noadapt,2,32,1,71,0.71,2.8553631672731683,0.32521874572844023,3.818907985641002,,0.612146555716115,-1.2887635640962742,-2.0
noadapt,2,33,1,67,0.67,3.670429135488364,0.26541236799402623,4.693780331590612,,-0.27430826595115165,-1.2887635640962742,-2.0
noadapt,2,34,1,13,0.13,12.295739497657136,1.999766544126144,11.584736517627267,,-0.3908036510294154,-1.2887635640962742,-2.0
noadapt,3,1,1,477,4.7700000000000005,-0.4899219200241416,0.039612384080170364,0.7592292599919623,,0.3077315528333725,-1.2887635640962742,-2.0
noadapt,3,2,1,59,0.59,3.986029031618439,0.5967042574950582,4.678088338219655,,0.21593855761640213,-1.2887635640962742,-2.0
noadapt,3,3,1,55,0.55,4.58806016663027,0.6130530346980572,5.2637706960284865,,0.02020194216506225,-1.2887635640962742,-2.0
noadapt,3,4,1,0,,,,,,,,-2.0
noadapt,3,5,1,199,1.99,0.5091270234410312,0.18333003004222068,1.6145605574950848,,0.3034340971124902,-1.2887635640962742,-2.0
noadapt,3,6,1,158,1.58,0.9538605223366734,0.20160345491338041,2.0410206315195674,,0.4097396540646282,-1.2887635640962742,-2.0
noadapt,3,7,1,427,4.2700000000000005,-0.3956815415122835,0.09212857126811168,0.800953451315879,,0.2637786321072172,-1.2887635640962742,-2.0
noadapt,3,8,1,92,0.92,2.409692213202022,0.30897077613483,3.3894850011634663,,0.198428883035942,-1.2887635640962742,-2.0
noadapt,3,9,1,172,1.72,0.5175681448152007,0.18159227900050834,1.6247394299109668,,0.2420439439983436,-1.2887635640962742,-2.0
noadapt,3,10,1,59,0.59,4.173584712840857,0.665440312140925,4.7969079647962065,,0.1473588372782689,-1.2887635640962742,-2.0
noadapt,3,11,1,658,6.58,-0.6302145081875966,0.04337827667236258,0.615170779236315,,0.2846505650876633,-1.2887635640962742,-2.0
noadapt,3,12,1,832,8.32,-0.7659767350106456,0.027992282036736323,0.49479454704889236,,0.26356632259824825,-1.2887635640962742,-2.0
noadapt,3,13,1,65,0.65,3.0757298871528294,0.37027857607820025,3.994214875170903,,0.1851680988099501,-1.2887635640962742,-2.0
noadapt,3,14,1,176,1.76,0.6910137237381198,0.12302558920804078,1.8567516986263533,,0.26959908582617514,-1.2887635640962742,-2.0
noadapt,3,15,1,106,1.06,1.902407309261436,0.3370680335823547,2.8541028397753556,,0.3126557199846608,-1.2887635640962742,-2.0
noadapt,3,16,1,46,0.46,5.50949070898491,0.4659353728362488,6.332318900244935,,-0.09370076418106181,-1.2887635640962742,-2.0
noadapt,3,17,1,62,0.62,3.1604394463512246,0.20394244225989983,4.245260568187599,,0.40333108424338054,-1.2887635640962742,-2.0
noadapt,3,18,1,158,1.58,1.1262481205554706,0.20139526836883692,2.2136164162829077,,0.17570842416263197,-1.2887635640962742,-2.0
noadapt,3,19,1,61,0.61,3.864639234528079,0.5956008662766451,4.557801932347708,,0.16987021639770988,-1.2887635640962742,-2.0
noadapt,3,20,1,628,6.28,-0.63621790657909,0.06215353943294557,0.5903921180842386,,0.3282898296705402,-1.2887635640962742,-2.0
noadapt,3,21,1,391,3.91,-0.3576227413309556,0.06900567094529034,0.8621351518200283,,0.31809994853808865,-1.2887635640962742,-2.0
noadapt,3,22,1,83,0.8300000000000001,2.760208617324718,0.2753839836869563,3.7735881977340355,,0.10083399778326303,-1.2887635640962742,-2.0
noadapt,3,23,1,267,2.67,0.07449851998636214,0.09475805844429247,1.268504025638344,,0.3236014380637968,-1.2887635640962742,-2.0
noadapt,3,24,1,66,0.66,3.142374358995048,0.387269211411404,4.043868711679918,,0.17052485331086267,-1.2887635640962742,-2.0
noadapt,3,25,1,89,0.89,2.8054630516973704,0.40362035434055,3.690606261453094,,0.1096096453137258,-1.2887635640962742,-2.0
noadapt,3,26,1,222,2.22,0.24597863932856456,0.06590961054512857,1.4688325928797101,,0.23149493389226483,-1.2887635640962742,-2.0
noadapt,3,27,1,524,5.24,-0.5996970176960006,0.02452954590453826,0.6645370004957354,,0.335961636743536,-1.2887635640962742,-2.0
noadapt,3,28,1,211,2.11,0.23898125670819237,0.11323683900928277,1.4145079817951838,,0.2731741837456826,-1.2887635640962742,-2.0
noadapt,3,29,1,598,5.98,-0.6911896288038493,0.0559333732328113,0.5416405620596136,,0.3376818362757096,-1.2887635640962742,-2.0
noadapt,3,30,1,184,1.84,0.5942250891848198,0.12313868015965058,1.7598499731214434,,0.25460151592572894,-1.2887635640962742,-2.0
noadapt,3,31,1,130,1.3,1.4018095315394723,0.25242564468249207,2.4381474509532546,,0.3026551040415109,-1.2887635640962742,-2.0
noadapt,3,32,1,242,2.42,0.2624703431036506,0.14107875140087212,1.4101551557990526,,0.38126749304404783,-1.2887635640962742,-2.0
noadapt,3,33,1,225,2.25,0.255351020653241,0.1092019327464932,1.434912652003022,,0.3499293766274884,-1.2887635640962742,-2.0
noadapt,4,1,1,270,2.7,0.0743017407946871,0.11129918891603781,1.2517661159749236,,0.2834065217292407,-1.2887635640962742,-2.0
noadapt,4,2,1,156,1.56,0.7502499356561325,0.11605116946747301,1.9229623302849337,,0.11996526999227487,-1.2887635640962742,-2.0
noadapt,4,3,1,70,0.7000000000000001,2.706516437936325,0.2387036859415608,3.756576316091038,,0.19355416437131148,-1.2887635640962742,-2.0
noadapt,4,4,1,98,0.98,1.9781923416919598,0.30598791645577605,2.960967989332458,,0.21479399734676305,-1.2887635640962742,-2.0
noadapt,4,5,1,129,1.29,0.8576994418482282,0.18590270984834367,1.9605602960961586,,0.3697330120322698,-1.2887635640962742,-2.0
noadapt,4,6,1,166,1.6600000000000001,0.6402272493773857,0.2129265376274779,1.7160642758461822,,0.31644192240790264,-1.2887635640962742,-2.0
noadapt,4,7,1,302,3.02,-0.0035722256212891157,0.09784639205593089,1.1873449464190542,,0.30400195894332305,-1.2887635640962742,-2.0
noadapt,4,8,1,279,2.79,0.0014054170997745974,0.11329415582566428,1.1768748253703845,,0.29367880814213604,-1.2887635640962742,-2.0
noadapt,4,9,1,66,0.66,3.20852025560073,0.46732270959693256,4.029961110100071,,0.099544689643385,-1.2887635640962742,-2.0
noadapt,4,10,1,233,2.33,0.2656038540039749,0.16044748991877109,1.393919928181478,,0.33620976004746495,-1.2887635640962742,-2.0
noadapt,4,11,1,110,1.1,1.8147495991047735,0.3659542260268222,2.7375589371742257,,0.2850943451825097,-1.2887635640962742,-2.0
noadapt,4,12,1,206,2.06,0.2726935696153292,0.13870115026516333,1.42275598344644,,0.38030686275648923,-1.2887635640962742,-2.0
noadapt,4,13,1,74,0.74,2.8766584173699465,0.20265980056720437,3.9627621808990163,,0.10560626965243579,-1.2887635640962742,-2.0
noadapt,4,14,1,434,4.34,-0.3843779202298653,0.06466030427071234,0.8397253395956966,,0.2597386284615107,-1.2887635640962742,-2.0
noadapt,4,15,1,412,4.12,-0.3210654013269719,0.07209082580013236,0.8956073369691699,,0.3227418386369727,-1.2887635640962742,-2.0
noadapt,4,16,1,82,0.8200000000000001,1.8361254973878072,0.16546445746771332,2.959424604016368,,0.28976710706847963,-1.2887635640962742,-2.0
noadapt,4,17,1,155,1.55,1.0609631931659316,0.19336624000100885,2.156360517261197,,0.29374093071833224,-1.2887635640962742,-2.0
noadapt,4,18,1,96,0.96,1.7111053543439245,0.28576025166339464,2.714108666776804,,0.368282506436784,-1.2887635640962742,-2.0
noadapt,4,19,1,44,0.44,5.284905292404065,0.35256645291631095,6.221102403584028,,-0.03733334741760475,-1.2887635640962742,-2.0
noadapt,4,20,1,218,2.18,0.48619919117516996,0.16970942214366816,1.605253333127776,,0.40930340974342605,-1.2887635640962742,-2.0
noadapt,4,21,1,86,0.86,2.200970815264097,0.348052820861065,3.141681558499306,,0.3335787378635945,-1.2887635640962742,-2.0
noadapt,4,22,1,59,0.59,4.211092955690372,0.6453460772112428,4.854510442575403,,0.264436580766792,-1.2887635640962742,-2.0
noadapt,4,23,1,89,0.89,1.5937932738445137,0.0761817935529718,2.806375044387816,,0.4053933132285112,-1.2887635640962742,-2.0
noadapt,4,24,1,167,1.67,0.9872722159050717,0.24083663706869246,2.0351991429326537,,0.22270065792777263,-1.2887635640962742,-2.0
noadapt,4,25,1,128,1.28,1.5390409034495438,0.22910700632343922,2.598697461222379,,0.3333451951995999,-1.2887635640962742,-2.0
noadapt,4,26,1,120,1.2,1.1822383842987618,0.25119981751545245,2.2198021308795837,,0.4907139161562943,-1.2887635640962742,-2.0
noadapt,4,27,1,89,0.89,1.958168518744326,0.37222347246755655,2.8747086103730437,,0.44971462994578776,-1.2887635640962742,-2.0
noadapt,4,28,1,78,0.78,2.7135895486160786,0.38542538356737577,3.616927729144977,,0.4359769919694286,-1.2887635640962742,-2.0
noadapt,4,29,1,65,0.65,3.3934434255885018,0.5341521333225611,4.148054856362215,,0.18124804999546945,-1.2887635640962742,-2.0
noadapt,4,30,1,88,0.88,2.1733178877394037,0.3138647288155609,3.1482167230201172,,0.4845191540377206,-1.2887635640962742,-2.0
noadapt,4,31,1,373,3.73,-0.207516393719976,0.0870901196241996,0.9941570507520987,,0.3034108699496745,-1.2887635640962742,-2.0
noadapt,4,32,1,50,0.5,4.821786180925007,0.4692070995634176,5.641342645457863,,-0.0436872507447842,-1.2887635640962742,-2.0
noadapt,4,33,1,487,4.87,-0.4708040579863009,0.03999063831868216,0.7779688677912913,,0.2673639249966503,-1.2887635640962742,-2.0
noadapt,4,34,1,132,1.32,1.2053479721516622,0.24114866524558373,2.2529628710023526,,0.35817412093509027,-1.2887635640962742,-2.0
noadapt,4,35,1,500,5.0,-0.5591675547958223,0.024404995214627547,0.7051910140858244,,0.28907179316036874,-1.2887635640962742,-2.0
noadapt,4,36,0,783,7.83,-1.1694310309443579,0.002698055483396126,0.11663447766852035,,0.3837582789078688,-1.2887635640962742,-0.02490041944430532
oracle,0,1,1,3,0.03,18.101232463309003,4.764038207912415,14.625957819492863,,-0.11750891947101148,-1.2887635640962742,-2.0
oracle,0,2,1,63,0.63,3.0770514376409057,0.00046338383397446234,4.3653516179032055,,-0.1645904854521619,-1.2887635640962742,-2.0
oracle,0,3,0,1000,10.0,-1.2867542645098833,4.880685942958082e-05,0.00196049272696137,,1.968497307954503e-05,-1.2887635640962742,-0.08696076278901835
oracle,1,1,0,1000,10.0,-1.2880731716488099,1.309002785498459e-05,0.0006773024196094193,,5.397320741357278e-06,-1.2887635640962742,-0.05029837000335856
oracle,2,1,1,0,,,,,,,,-2.0
oracle,2,2,0,1000,10.0,-1.2884397517434019,0.00013428112495451758,0.00018953122791786855,,4.513992388808526e-13,-1.2887635640962742,-0.04302887431835021
oracle,3,1,1,80,0.8,2.2721174138040725,0.00039615734117019513,3.5604848205591764,,-0.00011129342252499917,-1.2887635640962742,-2.0
oracle,3,2,1,58,0.58,3.48785888894497,0.0004359147272147983,4.77618653831403,,-0.06099937509703342,-1.2887635640962742,-2.0
oracle,3,3,0,1000,10.0,-1.2867204768617237,0.00043537949438949327,0.00160770774016103,,1.0924109539680197e-12,-1.2887635640962742,-0.10345591124935206
oracle,4,1,1,66,0.66,3.1660377602993393,0.0004648932897731115,4.45433643110584,,-0.011095559031591288,-1.2887635640962742,-2.0
oracle,4,2,0,1000,10.0,-1.2884504896604616,0.00016505624603164616,0.00014801818978092232,,7.620473000445913e-14,-1.2887635640962742,-0.042449647036702405
