slope_deg,seed,method,trigger,triggered,fell,trigger_t,fall_t,squash_t,t_surv,n_windows,mean_J,best_J,win_to_good,n_proposals,n_pauses,n_triggers,max_roll,dist_on_slope,baseline_ce,npz
10.0,0,bo,dt,0,0,nan,nan,nan,nan,0,nan,nan,-1,0,0,0,nan,nan,2.2755555555555556,runs/slope10_seed0_bo_dt.npz
10.0,0,grid,dt,0,0,nan,nan,nan,nan,0,nan,nan,-1,0,0,0,nan,nan,2.2755555555555556,runs/slope10_seed0_grid_dt.npz
10.0,0,marxefe,dt,0,0,nan,nan,nan,nan,0,nan,nan,-1,0,0,0,nan,nan,2.2755555555555556,runs/slope10_seed0_marxefe_dt.npz
10.0,0,noadapt,dt,0,0,nan,nan,nan,nan,0,nan,nan,-1,0,0,0,nan,nan,2.2755555555555556,runs/slope10_seed0_noadapt_dt.npz
10.0,0,oracle,dt,0,0,nan,nan,nan,nan,0,nan,nan,-1,0,0,0,nan,nan,2.2755555555555556,runs/slope10_seed0_oracle_dt.npz
10.0,1,bo,dt,0,0,nan,nan,nan,nan,0,nan,nan,-1,0,0,0,nan,nan,2.2755555555555556,runs/slope10_seed1_bo_dt.npz
10.0,1,grid,dt,0,0,nan,nan,nan,nan,0,nan,nan,-1,0,0,0,nan,nan,2.2755555555555556,runs/slope10_seed1_grid_dt.npz
10.0,1,marxefe,dt,0,0,nan,nan,nan,nan,0,nan,nan,-1,0,0,0,nan,nan,2.2755555555555556,runs/slope10_seed1_marxefe_dt.npz
10.0,1,noadapt,dt,0,0,nan,nan,nan,nan,0,nan,nan,-1,0,0,0,nan,nan,2.2755555555555556,runs/slope10_seed1_noadapt_dt.npz
10.0,1,oracle,dt,0,0,nan,nan,nan,nan,0,nan,nan,-1,0,0,0,nan,nan,2.2755555555555556,runs/slope10_seed1_oracle_dt.npz
10.0,2,bo,dt,0,0,nan,nan,nan,nan,0,nan,nan,-1,0,0,0,nan,nan,2.2755555555555556,runs/slope10_seed2_bo_dt.npz
10.0,2,grid,dt,0,0,nan,nan,nan,nan,0,nan,nan,-1,0,0,0,nan,nan,2.2755555555555556,runs/slope10_seed2_grid_dt.npz
10.0,2,marxefe,dt,0,0,nan,nan,nan,nan,0,nan,nan,-1,0,0,0,nan,nan,2.2755555555555556,runs/slope10_seed2_marxefe_dt.npz
10.0,2,noadapt,dt,0,0,nan,nan,nan,nan,0,nan,nan,-1,0,0,0,nan,nan,2.2755555555555556,runs/slope10_seed2_noadapt_dt.npz
10.0,2,oracle,dt,0,0,nan,nan,nan,nan,0,nan,nan,-1,0,0,0,nan,nan,2.2755555555555556,runs/slope10_seed2_oracle_dt.npz
10.0,3,bo,dt,0,0,nan,nan,nan,nan,0,nan,nan,-1,0,0,0,nan,nan,2.2755555555555556,runs/slope10_seed3_bo_dt.npz
10.0,3,grid,dt,0,0,nan,nan,nan,nan,0,nan,nan,-1,0,0,0,nan,nan,2.2755555555555556,runs/slope10_seed3_grid_dt.npz
10.0,3,marxefe,dt,0,0,nan,nan,nan,nan,0,nan,nan,-1,0,0,0,nan,nan,2.2755555555555556,runs/slope10_seed3_marxefe_dt.npz
10.0,3,noadapt,dt,0,0,nan,nan,nan,nan,0,nan,nan,-1,0,0,0,nan,nan,2.2755555555555556,runs/slope10_seed3_noadapt_dt.npz
10.0,3,oracle,dt,0,0,nan,nan,nan,nan,0,nan,nan,-1,0,0,0,nan,nan,2.2755555555555556,runs/slope10_seed3_oracle_dt.npz
10.0,4,bo,dt,0,0,nan,nan,nan,nan,0,nan,nan,-1,0,0,0,nan,nan,2.2755555555555556,runs/slope10_seed4_bo_dt.npz
10.0,4,grid,dt,0,0,nan,nan,nan,nan,0,nan,nan,-1,0,0,0,nan,nan,2.2755555555555556,runs/slope10_seed4_grid_dt.npz
10.0,4,marxefe,dt,0,0,nan,nan,nan,nan,0,nan,nan,-1,0,0,0,nan,nan,2.2755555555555556,runs/slope10_seed4_marxefe_dt.npz
10.0,4,noadapt,dt,0,0,nan,nan,nan,nan,0,nan,nan,-1,0,0,0,nan,nan,2.2755555555555556,runs/slope10_seed4_noadapt_dt.npz
10.0,4,oracle,dt,0,0,nan,nan,nan,nan,0,nan,nan,-1,0,0,0,nan,nan,2.2755555555555556,runs/slope10_seed4_oracle_dt.npz
10.0,5,bo,dt,0,0,nan,nan,nan,nan,0,nan,nan,-1,0,0,0,nan,nan,2.2755555555555556,runs/slope10_seed5_bo_dt.npz
10.0,5,grid,dt,0,0,nan,nan,nan,nan,0,nan,nan,-1,0,0,0,nan,nan,2.2755555555555556,runs/slope10_seed5_grid_dt.npz
10.0,5,marxefe,dt,0,0,nan,nan,nan,nan,0,nan,nan,-1,0,0,0,nan,nan,2.2755555555555556,runs/slope10_seed5_marxefe_dt.npz
10.0,5,noadapt,dt,0,0,nan,nan,nan,nan,0,nan,nan,-1,0,0,0,nan,nan,2.2755555555555556,runs/slope10_seed5_noadapt_dt.npz
10.0,5,oracle,dt,0,0,nan,nan,nan,nan,0,nan,nan,-1,0,0,0,nan,nan,2.2755555555555556,runs/slope10_seed5_oracle_dt.npz
10.0,6,bo,dt,0,0,nan,nan,nan,nan,0,nan,nan,-1,0,0,0,nan,nan,2.2755555555555556,runs/slope10_seed6_bo_dt.npz
10.0,6,grid,dt,0,0,nan,nan,nan,nan,0,nan,nan,-1,0,0,0,nan,nan,2.2755555555555556,runs/slope10_seed6_grid_dt.npz
10.0,6,marxefe,dt,0,0,nan,nan,nan,nan,0,nan,nan,-1,0,0,0,nan,nan,2.2755555555555556,runs/slope10_seed6_marxefe_dt.npz
10.0,6,noadapt,dt,0,0,nan,nan,nan,nan,0,nan,nan,-1,0,0,0,nan,nan,2.2755555555555556,runs/slope10_seed6_noadapt_dt.npz
10.0,6,oracle,dt,0,0,nan,nan,nan,nan,0,nan,nan,-1,0,0,0,nan,nan,2.2755555555555556,runs/slope10_seed6_oracle_dt.npz
10.0,7,bo,dt,0,0,nan,nan,nan,nan,0,nan,nan,-1,0,0,0,nan,nan,2.2755555555555556,runs/slope10_seed7_bo_dt.npz
10.0,7,grid,dt,0,0,nan,nan,nan,nan,0,nan,nan,-1,0,0,0,nan,nan,2.2755555555555556,runs/slope10_seed7_grid_dt.npz
10.0,7,marxefe,dt,0,0,nan,nan,nan,nan,0,nan,nan,-1,0,0,0,nan,nan,2.2755555555555556,runs/slope10_seed7_marxefe_dt.npz
10.0,7,noadapt,dt,0,0,nan,nan,nan,nan,0,nan,nan,-1,0,0,0,nan,nan,2.2755555555555556,runs/slope10_seed7_noadapt_dt.npz
10.0,7,oracle,dt,0,0,nan,nan,nan,nan,0,nan,nan,-1,0,0,0,nan,nan,2.2755555555555556,runs/slope10_seed7_oracle_dt.npz
10.0,8,bo,dt,0,0,nan,nan,nan,nan,0,nan,nan,-1,0,0,0,nan,nan,2.2755555555555556,runs/slope10_seed8_bo_dt.npz
10.0,8,grid,dt,0,0,nan,nan,nan,nan,0,nan,nan,-1,0,0,0,nan,nan,2.2755555555555556,runs/slope10_seed8_grid_dt.npz
10.0,8,marxefe,dt,0,0,nan,nan,nan,nan,0,nan,nan,-1,0,0,0,nan,nan,2.2755555555555556,runs/slope10_seed8_marxefe_dt.npz
10.0,8,noadapt,dt,0,0,nan,nan,nan,nan,0,nan,nan,-1,0,0,0,nan,nan,2.2755555555555556,runs/slope10_seed8_noadapt_dt.npz
10.0,8,oracle,dt,0,0,nan,nan,nan,nan,0,nan,nan,-1,0,0,0,nan,nan,2.2755555555555556,runs/slope10_seed8_oracle_dt.npz
10.0,9,bo,dt,0,0,nan,nan,nan,nan,0,nan,nan,-1,0,0,0,nan,nan,2.2755555555555556,runs/slope10_seed9_bo_dt.npz
10.0,9,grid,dt,0,0,nan,nan,nan,nan,0,nan,nan,-1,0,0,0,nan,nan,2.2755555555555556,runs/slope10_seed9_grid_dt.npz
10.0,9,marxefe,dt,0,0,nan,nan,nan,nan,0,nan,nan,-1,0,0,0,nan,nan,2.2755555555555556,runs/slope10_seed9_marxefe_dt.npz
10.0,9,noadapt,dt,0,0,nan,nan,nan,nan,0,nan,nan,-1,0,0,0,nan,nan,2.2755555555555556,runs/slope10_seed9_noadapt_dt.npz
10.0,9,oracle,dt,0,0,nan,nan,nan,nan,0,nan,nan,-1,0,0,0,nan,nan,2.2755555555555556,runs/slope10_seed9_oracle_dt.npz
10.0,10,bo,dt,0,0,nan,nan,nan,nan,0,nan,nan,-1,0,0,0,nan,nan,2.2755555555555556,runs/slope10_seed10_bo_dt.npz
10.0,10,grid,dt,0,0,nan,nan,nan,nan,0,nan,nan,-1,0,0,0,nan,nan,2.2755555555555556,runs/slope10_seed10_grid_dt.npz
10.0,10,marxefe,dt,0,0,nan,nan,nan,nan,0,nan,nan,-1,0,0,0,nan,nan,2.2755555555555556,runs/slope10_seed10_marxefe_dt.npz
10.0,10,noadapt,dt,0,0,nan,nan,nan,nan,0,nan,nan,-1,0,0,0,nan,nan,2.2755555555555556,runs/slope10_seed10_noadapt_dt.npz
10.0,10,oracle,dt,0,0,nan,nan,nan,nan,0,nan,nan,-1,0,0,0,nan,nan,2.2755555555555556,runs/slope10_seed10_oracle_dt.npz
10.0,11,bo,dt,0,0,nan,nan,nan,nan,0,nan,nan,-1,0,0,0,nan,nan,2.2755555555555556,runs/slope10_seed11_bo_dt.npz
10.0,11,grid,dt,0,0,nan,nan,nan,nan,0,nan,nan,-1,0,0,0,nan,nan,2.2755555555555556,runs/slope10_seed11_grid_dt.npz
10.0,11,marxefe,dt,0,0,nan,nan,nan,nan,0,nan,nan,-1,0,0,0,nan,nan,2.2755555555555556,runs/slope10_seed11_marxefe_dt.npz
10.0,11,noadapt,dt,0,0,nan,nan,nan,nan,0,nan,nan,-1,0,0,0,nan,nan,2.2755555555555556,runs/slope10_seed11_noadapt_dt.npz
10.0,11,oracle,dt,0,0,nan,nan,nan,nan,0,nan,nan,-1,0,0,0,nan,nan,2.2755555555555556,runs/slope10_seed11_oracle_dt.npz
10.0,12,bo,dt,0,0,nan,nan,nan,nan,0,nan,nan,-1,0,0,0,nan,nan,2.2755555555555556,runs/slope10_seed12_bo_dt.npz
10.0,12,grid,dt,0,0,nan,nan,nan,nan,0,nan,nan,-1,0,0,0,nan,nan,2.2755555555555556,runs/slope10_seed12_grid_dt.npz
10.0,12,marxefe,dt,0,0,nan,nan,nan,nan,0,nan,nan,-1,0,0,0,nan,nan,2.2755555555555556,runs/slope10_seed12_marxefe_dt.npz
10.0,12,noadapt,dt,0,0,nan,nan,nan,nan,0,nan,nan,-1,0,0,0,nan,nan,2.2755555555555556,runs/slope10_seed12_noadapt_dt.npz
10.0,12,oracle,dt,0,0,nan,nan,nan,nan,0,nan,nan,-1,0,0,0,nan,nan,2.2755555555555556,runs/slope10_seed12_oracle_dt.npz
10.0,13,bo,dt,0,0,nan,nan,nan,nan,0,nan,nan,-1,0,0,0,nan,nan,2.2755555555555556,runs/slope10_seed13_bo_dt.npz
10.0,13,grid,dt,0,0,nan,nan,nan,nan,0,nan,nan,-1,0,0,0,nan,nan,2.2755555555555556,runs/slope10_seed13_grid_dt.npz
10.0,13,marxefe,dt,0,0,nan,nan,nan,nan,0,nan,nan,-1,0,0,0,nan,nan,2.2755555555555556,runs/slope10_seed13_marxefe_dt.npz
10.0,13,noadapt,dt,0,0,nan,nan,nan,nan,0,nan,nan,-1,0,0,0,nan,nan,2.2755555555555556,runs/slope10_seed13_noadapt_dt.npz
10.0,13,oracle,dt,0,0,nan,nan,nan,nan,0,nan,nan,-1,0,0,0,nan,nan,2.2755555555555556,runs/slope10_seed13_oracle_dt.npz
10.0,14,bo,dt,0,0,nan,nan,nan,nan,0,nan,nan,-1,0,0,0,nan,nan,2.2755555555555556,runs/slope10_seed14_bo_dt.npz
10.0,14,grid,dt,0,0,nan,nan,nan,nan,0,nan,nan,-1,0,0,0,nan,nan,2.2755555555555556,runs/slope10_seed14_grid_dt.npz
10.0,14,marxefe,dt,0,0,nan,nan,nan,nan,0,nan,nan,-1,0,0,0,nan,nan,2.2755555555555556,runs/slope10_seed14_marxefe_dt.npz
10.0,14,noadapt,dt,0,0,nan,nan,nan,nan,0,nan,nan,-1,0,0,0,nan,nan,2.2755555555555556,runs/slope10_seed14_noadapt_dt.npz
10.0,14,oracle,dt,0,0,nan,nan,nan,nan,0,nan,nan,-1,0,0,0,nan,nan,2.2755555555555556,runs/slope10_seed14_oracle_dt.npz
10.0,15,bo,dt,0,0,nan,nan,nan,nan,0,nan,nan,-1,0,0,0,nan,nan,2.2755555555555556,runs/slope10_seed15_bo_dt.npz
10.0,15,grid,dt,0,0,nan,nan,nan,nan,0,nan,nan,-1,0,0,0,nan,nan,2.2755555555555556,runs/slope10_seed15_grid_dt.npz
10.0,15,marxefe,dt,0,0,nan,nan,nan,nan,0,nan,nan,-1,0,0,0,nan,nan,2.2755555555555556,runs/slope10_seed15_marxefe_dt.npz
10.0,15,noadapt,dt,0,0,nan,nan,nan,nan,0,nan,nan,-1,0,0,0,nan,nan,2.2755555555555556,runs/slope10_seed15_noadapt_dt.npz
10.0,15,oracle,dt,0,0,nan,nan,nan,nan,0,nan,nan,-1,0,0,0,nan,nan,2.2755555555555556,runs/slope10_seed15_oracle_dt.npz
10.0,16,bo,dt,0,0,nan,nan,nan,nan,0,nan,nan,-1,0,0,0,nan,nan,2.2755555555555556,runs/slope10_seed16_bo_dt.npz
10.0,16,grid,dt,0,0,nan,nan,nan,nan,0,nan,nan,-1,0,0,0,nan,nan,2.2755555555555556,runs/slope10_seed16_grid_dt.npz
10.0,16,marxefe,dt,0,0,nan,nan,nan,nan,0,nan,nan,-1,0,0,0,nan,nan,2.2755555555555556,runs/slope10_seed16_marxefe_dt.npz
10.0,16,noadapt,dt,0,0,nan,nan,nan,nan,0,nan,nan,-1,0,0,0,nan,nan,2.2755555555555556,runs/slope10_seed16_noadapt_dt.npz
10.0,16,oracle,dt,0,0,nan,nan,nan,nan,0,nan,nan,-1,0,0,0,nan,nan,2.2755555555555556,runs/slope10_seed16_oracle_dt.npz
10.0,17,bo,dt,0,0,nan,nan,nan,nan,0,nan,nan,-1,0,0,0,nan,nan,2.2755555555555556,runs/slope10_seed17_bo_dt.npz
10.0,17,grid,dt,0,0,nan,nan,nan,nan,0,nan,nan,-1,0,0,0,nan,nan,2.2755555555555556,runs/slope10_seed17_grid_dt.npz
10.0,17,marxefe,dt,0,0,nan,nan,nan,nan,0,nan,nan,-1,0,0,0,nan,nan,2.2755555555555556,runs/slope10_seed17_marxefe_dt.npz
10.0,17,noadapt,dt,0,0,nan,nan,nan,nan,0,nan,nan,-1,0,0,0,nan,nan,2.2755555555555556,runs/slope10_seed17_noadapt_dt.npz
10.0,17,oracle,dt,0,0,nan,nan,nan,nan,0,nan,nan,-1,0,0,0,nan,nan,2.2755555555555556,runs/slope10_seed17_oracle_dt.npz
10.0,18,bo,dt,0,0,nan,nan,nan,nan,0,nan,nan,-1,0,0,0,nan,nan,2.2755555555555556,runs/slope10_seed18_bo_dt.npz
10.0,18,grid,dt,0,0,nan,nan,nan,nan,0,nan,nan,-1,0,0,0,nan,nan,2.2755555555555556,runs/slope10_seed18_grid_dt.npz
10.0,18,marxefe,dt,0,0,nan,nan,nan,nan,0,nan,nan,-1,0,0,0,nan,nan,2.2755555555555556,runs/slope10_seed18_marxefe_dt.npz
10.0,18,noadapt,dt,0,0,nan,nan,nan,nan,0,nan,nan,-1,0,0,0,nan,nan,2.2755555555555556,runs/slope10_seed18_noadapt_dt.npz
10.0,18,oracle,dt,0,0,nan,nan,nan,nan,0,nan,nan,-1,0,0,0,nan,nan,2.2755555555555556,runs/slope10_seed18_oracle_dt.npz
10.0,19,bo,dt,0,0,nan,nan,nan,nan,0,nan,nan,-1,0,0,0,nan,nan,2.2755555555555556,runs/slope10_seed19_bo_dt.npz
10.0,19,grid,dt,0,0,nan,nan,nan,nan,0,nan,nan,-1,0,0,0,nan,nan,2.2755555555555556,runs/slope10_seed19_grid_dt.npz
10.0,19,marxefe,dt,0,0,nan,nan,nan,nan,0,nan,nan,-1,0,0,0,nan,nan,2.2755555555555556,runs/slope10_seed19_marxefe_dt.npz
10.0,19,noadapt,dt,0,0,nan,nan,nan,nan,0,nan,nan,-1,0,0,0,nan,nan,2.2755555555555556,runs/slope10_seed19_noadapt_dt.npz
10.0,19,oracle,dt,0,0,nan,nan,nan,nan,0,nan,nan,-1,0,0,0,nan,nan,2.2755555555555556,runs/slope10_seed19_oracle_dt.npz
15.0,0,bo,dt,1,1,19.34,26.48,0.48,7.140000000000001,5,-0.5813032902025805,-0.03715815869424327,-1,3,1,2,60.71846841211287,1.1210140127937382,2.2755555555555556,runs/slope15_seed0_bo_dt.npz
15.0,0,grid,dt,1,1,19.34,26.27,0.48,6.93,5,-0.5813032902025805,-0.03715815869424327,-1,3,1,2,22.63803680393899,1.2946292465907607,2.2755555555555556,runs/slope15_seed0_grid_dt.npz
15.0,0,marxefe,dt,1,0,19.34,nan,0.46,20.0,13,-0.2689024234887372,0.015534869018170472,11,6,4,6,10.804974371237524,4.18993152219967,2.2755555555555556,runs/slope15_seed0_marxefe_dt.npz
15.0,0,noadapt,dt,1,0,19.34,nan,0.48,20.0,13,-0.3141690013037803,-0.03715815869424327,-1,9,3,7,12.643973497656873,4.170744403674618,2.2755555555555556,runs/slope15_seed0_noadapt_dt.npz
15.0,0,oracle,dt,1,0,19.34,nan,0.46,20.0,13,-0.33043907323589605,-0.029796191042206877,-1,9,3,5,11.632792476104095,4.3302933686359015,2.2755555555555556,runs/slope15_seed0_oracle_dt.npz
15.0,1,bo,dt,0,0,nan,nan,nan,nan,0,nan,nan,-1,0,0,0,nan,nan,2.2755555555555556,runs/slope15_seed1_bo_dt.npz
15.0,1,grid,dt,0,0,nan,nan,nan,nan,0,nan,nan,-1,0,0,0,nan,nan,2.2755555555555556,runs/slope15_seed1_grid_dt.npz
15.0,1,marxefe,dt,0,0,nan,nan,nan,nan,0,nan,nan,-1,0,0,0,nan,nan,2.2755555555555556,runs/slope15_seed1_marxefe_dt.npz
15.0,1,noadapt,dt,0,0,nan,nan,nan,nan,0,nan,nan,-1,0,0,0,nan,nan,2.2755555555555556,runs/slope15_seed1_noadapt_dt.npz
15.0,1,oracle,dt,0,0,nan,nan,nan,nan,0,nan,nan,-1,0,0,0,nan,nan,2.2755555555555556,runs/slope15_seed1_oracle_dt.npz
15.0,2,bo,dt,0,0,nan,nan,nan,nan,0,nan,nan,-1,0,0,0,nan,nan,2.2755555555555556,runs/slope15_seed2_bo_dt.npz
15.0,2,grid,dt,0,0,nan,nan,nan,nan,0,nan,nan,-1,0,0,0,nan,nan,2.2755555555555556,runs/slope15_seed2_grid_dt.npz
15.0,2,marxefe,dt,0,0,nan,nan,nan,nan,0,nan,nan,-1,0,0,0,nan,nan,2.2755555555555556,runs/slope15_seed2_marxefe_dt.npz
15.0,2,noadapt,dt,0,0,nan,nan,nan,nan,0,nan,nan,-1,0,0,0,nan,nan,2.2755555555555556,runs/slope15_seed2_noadapt_dt.npz
15.0,2,oracle,dt,0,0,nan,nan,nan,nan,0,nan,nan,-1,0,0,0,nan,nan,2.2755555555555556,runs/slope15_seed2_oracle_dt.npz
15.0,3,bo,dt,1,1,29.310000000000002,31.78,0.17,2.47,2,-1.1187512909211337,-0.23750258184226752,-1,2,0,2,13.123552327719423,0.41166320838014236,2.2755555555555556,runs/slope15_seed3_bo_dt.npz
15.0,3,grid,dt,1,1,29.310000000000002,31.84,0.17,2.5300000000000002,2,-1.1187512909211337,-0.23750258184226752,-1,2,0,2,14.946499793070627,0.41175732449279145,2.2755555555555556,runs/slope15_seed3_grid_dt.npz
15.0,3,marxefe,dt,1,1,29.310000000000002,36.76,0.15,7.45,5,-0.649687360756415,-0.19050576973444322,-1,2,1,3,14.04631670341865,1.0990608639338362,2.2755555555555556,runs/slope15_seed3_marxefe_dt.npz
15.0,3,noadapt,dt,1,0,29.310000000000002,nan,0.17,20.0,7,-0.36290229079956215,0.04583611947062949,1,5,2,4,12.095063867734615,1.9664833758889149,2.2755555555555556,runs/slope15_seed3_noadapt_dt.npz
15.0,3,oracle,dt,1,0,29.310000000000002,nan,0.13,20.0,7,-0.14124014553239933,0.16925837573486713,2,4,2,3,9.487956204207594,2.710695550271936,2.2755555555555556,runs/slope15_seed3_oracle_dt.npz
15.0,4,bo,dt,1,1,36.08,37.65,0.17,1.57,2,-1.881918612051507,-1.763837224103014,-1,2,0,1,14.501803415398339,-0.11573315397390616,2.2755555555555556,runs/slope15_seed4_bo_dt.npz
15.0,4,grid,dt,1,1,36.08,37.65,0.17,1.57,2,-1.881918612051507,-1.763837224103014,-1,2,0,1,14.501803415398339,-0.11573315397390616,2.2755555555555556,runs/slope15_seed4_grid_dt.npz
15.0,4,marxefe,dt,1,0,36.08,nan,0.17,20.0,2,-0.3474643752708907,-0.29679271937066787,-1,2,1,3,9.40885365645472,0.7026049353812169,2.2755555555555556,runs/slope15_seed4_marxefe_dt.npz
15.0,4,noadapt,dt,1,1,36.08,37.65,0.17,1.57,2,-1.881918612051507,-1.763837224103014,-1,2,0,1,14.501803415398339,-0.11573315397390616,2.2755555555555556,runs/slope15_seed4_noadapt_dt.npz
15.0,4,oracle,dt,1,0,36.08,nan,0.16,20.0,2,-0.32435857382689126,-0.17911397371050547,-1,2,1,2,10.224512537040102,0.7347119246304263,2.2755555555555556,runs/slope15_seed4_oracle_dt.npz
15.0,5,bo,dt,0,0,nan,nan,nan,nan,0,nan,nan,-1,0,0,0,nan,nan,2.2755555555555556,runs/slope15_seed5_bo_dt.npz
15.0,5,grid,dt,0,0,nan,nan,nan,nan,0,nan,nan,-1,0,0,0,nan,nan,2.2755555555555556,runs/slope15_seed5_grid_dt.npz
15.0,5,marxefe,dt,0,0,nan,nan,nan,nan,0,nan,nan,-1,0,0,0,nan,nan,2.2755555555555556,runs/slope15_seed5_marxefe_dt.npz
15.0,5,noadapt,dt,0,0,nan,nan,nan,nan,0,nan,nan,-1,0,0,0,nan,nan,2.2755555555555556,runs/slope15_seed5_noadapt_dt.npz
15.0,5,oracle,dt,0,0,nan,nan,nan,nan,0,nan,nan,-1,0,0,0,nan,nan,2.2755555555555556,runs/slope15_seed5_oracle_dt.npz
15.0,6,bo,dt,0,0,nan,nan,nan,nan,0,nan,nan,-1,0,0,0,nan,nan,2.2755555555555556,runs/slope15_seed6_bo_dt.npz
15.0,6,grid,dt,0,0,nan,nan,nan,nan,0,nan,nan,-1,0,0,0,nan,nan,2.2755555555555556,runs/slope15_seed6_grid_dt.npz
15.0,6,marxefe,dt,0,0,nan,nan,nan,nan,0,nan,nan,-1,0,0,0,nan,nan,2.2755555555555556,runs/slope15_seed6_marxefe_dt.npz
15.0,6,noadapt,dt,0,0,nan,nan,nan,nan,0,nan,nan,-1,0,0,0,nan,nan,2.2755555555555556,runs/slope15_seed6_noadapt_dt.npz
15.0,6,oracle,dt,0,0,nan,nan,nan,nan,0,nan,nan,-1,0,0,0,nan,nan,2.2755555555555556,runs/slope15_seed6_oracle_dt.npz
15.0,7,bo,dt,0,0,nan,nan,nan,nan,0,nan,nan,-1,0,0,0,nan,nan,2.2755555555555556,runs/slope15_seed7_bo_dt.npz
15.0,7,grid,dt,0,0,nan,nan,nan,nan,0,nan,nan,-1,0,0,0,nan,nan,2.2755555555555556,runs/slope15_seed7_grid_dt.npz
15.0,7,marxefe,dt,0,0,nan,nan,nan,nan,0,nan,nan,-1,0,0,0,nan,nan,2.2755555555555556,runs/slope15_seed7_marxefe_dt.npz
15.0,7,noadapt,dt,0,0,nan,nan,nan,nan,0,nan,nan,-1,0,0,0,nan,nan,2.2755555555555556,runs/slope15_seed7_noadapt_dt.npz
15.0,7,oracle,dt,0,0,nan,nan,nan,nan,0,nan,nan,-1,0,0,0,nan,nan,2.2755555555555556,runs/slope15_seed7_oracle_dt.npz
15.0,8,bo,dt,0,0,nan,nan,nan,nan,0,nan,nan,-1,0,0,0,nan,nan,2.2755555555555556,runs/slope15_seed8_bo_dt.npz
15.0,8,grid,dt,0,0,nan,nan,nan,nan,0,nan,nan,-1,0,0,0,nan,nan,2.2755555555555556,runs/slope15_seed8_grid_dt.npz
15.0,8,marxefe,dt,0,0,nan,nan,nan,nan,0,nan,nan,-1,0,0,0,nan,nan,2.2755555555555556,runs/slope15_seed8_marxefe_dt.npz
15.0,8,noadapt,dt,0,0,nan,nan,nan,nan,0,nan,nan,-1,0,0,0,nan,nan,2.2755555555555556,runs/slope15_seed8_noadapt_dt.npz
15.0,8,oracle,dt,0,0,nan,nan,nan,nan,0,nan,nan,-1,0,0,0,nan,nan,2.2755555555555556,runs/slope15_seed8_oracle_dt.npz
15.0,9,bo,dt,0,0,nan,nan,nan,nan,0,nan,nan,-1,0,0,0,nan,nan,2.2755555555555556,runs/slope15_seed9_bo_dt.npz
15.0,9,grid,dt,0,0,nan,nan,nan,nan,0,nan,nan,-1,0,0,0,nan,nan,2.2755555555555556,runs/slope15_seed9_grid_dt.npz
15.0,9,marxefe,dt,0,0,nan,nan,nan,nan,0,nan,nan,-1,0,0,0,nan,nan,2.2755555555555556,runs/slope15_seed9_marxefe_dt.npz
15.0,9,noadapt,dt,0,0,nan,nan,nan,nan,0,nan,nan,-1,0,0,0,nan,nan,2.2755555555555556,runs/slope15_seed9_noadapt_dt.npz
15.0,9,oracle,dt,0,0,nan,nan,nan,nan,0,nan,nan,-1,0,0,0,nan,nan,2.2755555555555556,runs/slope15_seed9_oracle_dt.npz
15.0,10,bo,dt,1,1,31.67,34.13,0.11,2.46,2,-0.9867487886850714,0.026502422629857025,0,2,0,2,19.865659790876055,0.6564549944878113,2.2755555555555556,runs/slope15_seed10_bo_dt.npz
15.0,10,grid,dt,1,1,31.67,35.56,0.11,3.89,3,-0.9591567009674801,0.026502422629857025,0,3,0,2,17.324721822588767,0.2734204877365993,2.2755555555555556,runs/slope15_seed10_grid_dt.npz
15.0,10,marxefe,dt,1,0,31.67,nan,0.07,20.0,5,-0.36417966060616164,-0.31992475964687206,-1,3,2,5,10.361505224863047,1.514263424969501,2.2755555555555556,runs/slope15_seed10_marxefe_dt.npz
15.0,10,noadapt,dt,1,0,31.67,nan,0.11,20.0,5,-0.14131101364750004,0.026502422629857025,0,3,2,3,10.142382780290466,1.8341482168244685,2.2755555555555556,runs/slope15_seed10_noadapt_dt.npz
15.0,10,oracle,dt,1,0,31.67,nan,0.09,20.0,5,-0.316409039239705,0.07524025462669814,1,5,1,3,9.640972383446586,1.655739052171695,2.2755555555555556,runs/slope15_seed10_oracle_dt.npz
15.0,11,bo,dt,1,1,20.81,23.400000000000002,0.28,2.59,2,-1.1170931475526382,-0.23418629510527667,-1,2,0,2,37.41797844632211,0.5756774564555425,2.2755555555555556,runs/slope15_seed11_bo_dt.npz
15.0,11,grid,dt,1,1,20.81,23.8,0.28,2.99,2,-1.1170931475526382,-0.23418629510527667,-1,2,0,2,62.70746505843773,0.8862552917630389,2.2755555555555556,runs/slope15_seed11_grid_dt.npz
15.0,11,marxefe,dt,1,0,20.81,nan,0.17,20.0,12,-0.18896294951518577,0.3403026568352858,1,6,5,5,10.196540998088944,4.354625116766417,2.2755555555555556,runs/slope15_seed11_marxefe_dt.npz
15.0,11,noadapt,dt,1,0,20.81,nan,0.28,20.0,12,-0.17951825616905648,0.2371462721921453,2,6,3,5,9.490134616263473,4.287530246208311,2.2755555555555556,runs/slope15_seed11_noadapt_dt.npz
15.0,11,oracle,dt,1,1,20.81,22.2,0.2,1.3900000000000001,1,-2.0,-2.0,-1,1,0,1,8.152980644446727,0.028501651333879607,2.2755555555555556,runs/slope15_seed11_oracle_dt.npz
15.0,12,bo,dt,0,0,nan,nan,nan,nan,0,nan,nan,-1,0,0,0,nan,nan,2.2755555555555556,runs/slope15_seed12_bo_dt.npz
15.0,12,grid,dt,0,0,nan,nan,nan,nan,0,nan,nan,-1,0,0,0,nan,nan,2.2755555555555556,runs/slope15_seed12_grid_dt.npz
15.0,12,marxefe,dt,0,0,nan,nan,nan,nan,0,nan,nan,-1,0,0,0,nan,nan,2.2755555555555556,runs/slope15_seed12_marxefe_dt.npz
15.0,12,noadapt,dt,0,0,nan,nan,nan,nan,0,nan,nan,-1,0,0,0,nan,nan,2.2755555555555556,runs/slope15_seed12_noadapt_dt.npz
15.0,12,oracle,dt,0,0,nan,nan,nan,nan,0,nan,nan,-1,0,0,0,nan,nan,2.2755555555555556,runs/slope15_seed12_oracle_dt.npz
15.0,13,bo,dt,0,0,nan,nan,nan,nan,0,nan,nan,-1,0,0,0,nan,nan,2.2755555555555556,runs/slope15_seed13_bo_dt.npz
15.0,13,grid,dt,0,0,nan,nan,nan,nan,0,nan,nan,-1,0,0,0,nan,nan,2.2755555555555556,runs/slope15_seed13_grid_dt.npz
15.0,13,marxefe,dt,0,0,nan,nan,nan,nan,0,nan,nan,-1,0,0,0,nan,nan,2.2755555555555556,runs/slope15_seed13_marxefe_dt.npz
15.0,13,noadapt,dt,0,0,nan,nan,nan,nan,0,nan,nan,-1,0,0,0,nan,nan,2.2755555555555556,runs/slope15_seed13_noadapt_dt.npz
15.0,13,oracle,dt,0,0,nan,nan,nan,nan,0,nan,nan,-1,0,0,0,nan,nan,2.2755555555555556,runs/slope15_seed13_oracle_dt.npz
15.0,14,bo,dt,1,1,30.64,33.63,0.11,2.99,2,-1.0559825322122611,-0.11196506442452225,-1,2,0,2,62.525092733505986,0.7806661274788347,2.2755555555555556,runs/slope15_seed14_bo_dt.npz
15.0,14,grid,dt,1,1,30.64,33.480000000000004,0.11,2.84,2,-1.0559825322122611,-0.11196506442452225,-1,2,0,2,22.82791110489413,0.7713662203603597,2.2755555555555556,runs/slope15_seed14_grid_dt.npz
15.0,14,marxefe,dt,1,1,30.64,37.910000000000004,0.08,7.2700000000000005,5,-0.7035349902829666,-0.22013092180464477,-1,5,0,1,72.57411524689265,1.02974907705625,2.2755555555555556,runs/slope15_seed14_marxefe_dt.npz
15.0,14,noadapt,dt,1,0,30.64,nan,0.11,20.0,6,-0.22661464412123847,-0.11196506442452225,-1,4,2,3,9.752695244822567,2.150622945388113,2.2755555555555556,runs/slope15_seed14_noadapt_dt.npz
15.0,14,oracle,dt,1,1,30.64,39.550000000000004,0.07,8.91,6,-0.7999506849738539,-0.22199397576323454,-1,3,1,1,73.46323570292138,0.9871841032844948,2.2755555555555556,runs/slope15_seed14_oracle_dt.npz
15.0,15,bo,dt,1,1,32.8,38.22,0.4,5.42,4,-0.7055609762899434,-0.10975617127450255,-1,3,1,3,9.218102760430321,0.7020982992029658,2.2755555555555556,runs/slope15_seed15_bo_dt.npz
15.0,15,grid,dt,1,1,32.8,37.980000000000004,0.4,5.18,4,-0.7055609762899434,-0.10975617127450255,-1,3,1,3,9.126331065991442,0.8046222083864674,2.2755555555555556,runs/slope15_seed15_grid_dt.npz
15.0,15,marxefe,dt,1,0,32.8,nan,0.38,20.0,4,-0.24714200660275135,-0.02674223256453878,-1,2,1,2,9.124709296528836,1.523100669279362,2.2755555555555556,runs/slope15_seed15_marxefe_dt.npz
15.0,15,noadapt,dt,1,0,32.8,nan,0.4,20.0,4,-0.2075710885471854,-0.008040449028967944,-1,3,2,3,9.126331065991442,1.5768606376028735,2.2755555555555556,runs/slope15_seed15_noadapt_dt.npz
15.0,15,oracle,dt,1,0,32.8,nan,0.4,20.0,4,-0.09361581037187759,0.09250868305787951,3,2,1,3,9.135825247973045,1.7911916716779643,2.2755555555555556,runs/slope15_seed15_oracle_dt.npz
15.0,16,bo,dt,0,0,nan,nan,nan,nan,0,nan,nan,-1,0,0,0,nan,nan,2.2755555555555556,runs/slope15_seed16_bo_dt.npz
15.0,16,grid,dt,0,0,nan,nan,nan,nan,0,nan,nan,-1,0,0,0,nan,nan,2.2755555555555556,runs/slope15_seed16_grid_dt.npz
15.0,16,marxefe,dt,0,0,nan,nan,nan,nan,0,nan,nan,-1,0,0,0,nan,nan,2.2755555555555556,runs/slope15_seed16_marxefe_dt.npz
15.0,16,noadapt,dt,0,0,nan,nan,nan,nan,0,nan,nan,-1,0,0,0,nan,nan,2.2755555555555556,runs/slope15_seed16_noadapt_dt.npz
15.0,16,oracle,dt,0,0,nan,nan,nan,nan,0,nan,nan,-1,0,0,0,nan,nan,2.2755555555555556,runs/slope15_seed16_oracle_dt.npz
15.0,17,bo,dt,1,0,34.67,nan,0.66,20.0,3,-0.45498083346516144,-0.3280321601153279,-1,2,1,2,12.56415736564677,0.8772375369831842,2.2755555555555556,runs/slope15_seed17_bo_dt.npz
15.0,17,grid,dt,1,0,34.67,nan,0.66,20.0,3,-0.45498083346516144,-0.3280321601153279,-1,2,1,2,12.56415736564677,0.8772375369831842,2.2755555555555556,runs/slope15_seed17_grid_dt.npz
15.0,17,marxefe,dt,1,0,34.67,nan,0.64,20.0,3,-0.2230552860529532,-0.11842823763698568,-1,2,1,2,12.42378884393389,1.213450759572865,2.2755555555555556,runs/slope15_seed17_marxefe_dt.npz
15.0,17,noadapt,dt,1,0,34.67,nan,0.66,20.0,3,-0.45498083346516144,-0.3280321601153279,-1,2,1,2,12.56415736564677,0.8772375369831842,2.2755555555555556,runs/slope15_seed17_noadapt_dt.npz
15.0,17,oracle,dt,1,0,34.67,nan,0.61,20.0,3,-0.33482156328939894,-0.09254313653818169,-1,3,1,2,11.6160535506305,1.0329682451676447,2.2755555555555556,runs/slope15_seed17_oracle_dt.npz
15.0,18,bo,dt,0,0,nan,nan,nan,nan,0,nan,nan,-1,0,0,0,nan,nan,2.2755555555555556,runs/slope15_seed18_bo_dt.npz
15.0,18,grid,dt,0,0,nan,nan,nan,nan,0,nan,nan,-1,0,0,0,nan,nan,2.2755555555555556,runs/slope15_seed18_grid_dt.npz
15.0,18,marxefe,dt,0,0,nan,nan,nan,nan,0,nan,nan,-1,0,0,0,nan,nan,2.2755555555555556,runs/slope15_seed18_marxefe_dt.npz
15.0,18,noadapt,dt,0,0,nan,nan,nan,nan,0,nan,nan,-1,0,0,0,nan,nan,2.2755555555555556,runs/slope15_seed18_noadapt_dt.npz
15.0,18,oracle,dt,0,0,nan,nan,nan,nan,0,nan,nan,-1,0,0,0,nan,nan,2.2755555555555556,runs/slope15_seed18_oracle_dt.npz
15.0,19,bo,dt,1,1,29.04,31.29,0.46,2.25,2,-1.1275341044297535,-0.2550682088595072,-1,2,0,2,8.552346898182158,0.29797218799812875,2.2755555555555556,runs/slope15_seed19_bo_dt.npz
15.0,19,grid,dt,1,1,29.04,31.220000000000002,0.46,2.18,2,-1.1275341044297535,-0.2550682088595072,-1,2,0,2,8.552346898182158,0.3303151759076517,2.2755555555555556,runs/slope15_seed19_grid_dt.npz
15.0,19,marxefe,dt,1,1,29.04,34.22,0.33,5.18,4,-0.7307322851578448,0.049599193783266715,1,3,1,2,12.701398211561772,0.7646009902886632,2.2755555555555556,runs/slope15_seed19_marxefe_dt.npz
15.0,19,noadapt,dt,1,0,29.04,nan,0.46,20.0,7,-0.2964770750139824,-0.02307383743816316,-1,5,2,5,9.852198349820346,2.1056743400302658,2.2755555555555556,runs/slope15_seed19_noadapt_dt.npz
15.0,19,oracle,dt,1,0,29.04,nan,0.39,20.0,7,-0.39123423977176747,-0.23060705718183405,-1,2,1,1,10.889726257260183,2.161853665132039,2.2755555555555556,runs/slope15_seed19_oracle_dt.npz
